<?xml version="1.0" encoding="UTF-8"?>
<kml xmlns="http://www.opengis.net/kml/2.2" xmlns:gx="http://www.google.com/kml/ext/2.2" xmlns:kml="http://www.opengis.net/kml/2.2" xmlns:atom="http://www.w3.org/2005/Atom">
<Document>
	<name>Puerto Nare Final</name>
	<open>1</open>
	<StyleMap id="__managed_style_60458D20B93D8303413C">
		<Pair>
			<key>normal</key>
			<styleUrl>#__managed_style_79FBF7483A3D8303413C</styleUrl>
		</Pair>
		<Pair>
			<key>highlight</key>
			<styleUrl>#__managed_style_098EBB3FBA3D8303413E</styleUrl>
		</Pair>
	</StyleMap>
	<gx:CascadingStyle kml:id="__managed_style_46DF4422A53D8303413C">
		<Style>
			<IconStyle>
				<Icon>
					<href>https://earth.google.com/earth/document/icon?color=1976d2&amp;id=2000&amp;scale=4</href>
				</Icon>
				<hotSpot x="64" y="128" xunits="pixels" yunits="insetPixels"/>
			</IconStyle>
			<LabelStyle>
			</LabelStyle>
			<LineStyle>
				<color>ff2dc0fb</color>
				<width>1.42167</width>
			</LineStyle>
			<PolyStyle>
				<color>40ffffff</color>
			</PolyStyle>
			<BalloonStyle>
				<displayMode>hide</displayMode>
			</BalloonStyle>
		</Style>
	</gx:CascadingStyle>
	<gx:CascadingStyle kml:id="__managed_style_12C563C1CC3D8303413C">
		<styleUrl>https://earth.google.com/balloon_components/base/1.1.0.0/card_template.kml#main</styleUrl>
		<Style>
			<IconStyle>
				<Icon>
					<href>https://earth.google.com/earth/document/icon?color=1976d2&amp;id=2000&amp;scale=4</href>
				</Icon>
				<hotSpot x="64" y="128" xunits="pixels" yunits="insetPixels"/>
			</IconStyle>
			<LabelStyle>
			</LabelStyle>
			<LineStyle>
				<width>0.999167</width>
			</LineStyle>
			<PolyStyle>
			</PolyStyle>
			<BalloonStyle>
			</BalloonStyle>
		</Style>
	</gx:CascadingStyle>
	<StyleMap id="__managed_style_0B3851B65B3D8303413C">
		<Pair>
			<key>normal</key>
			<styleUrl>#__managed_style_12C563C1CC3D8303413C</styleUrl>
		</Pair>
		<Pair>
			<key>highlight</key>
			<styleUrl>#__managed_style_25260F67663D8303413C</styleUrl>
		</Pair>
	</StyleMap>
	<gx:CascadingStyle kml:id="__managed_style_571E133EC73D8303413B">
		<Style>
			<IconStyle>
				<scale>1.2</scale>
				<Icon>
					<href>https://earth.google.com/earth/document/icon?color=1976d2&amp;id=2000&amp;scale=4</href>
				</Icon>
				<hotSpot x="64" y="128" xunits="pixels" yunits="insetPixels"/>
			</IconStyle>
			<LabelStyle>
			</LabelStyle>
			<LineStyle>
				<width>1.49875</width>
			</LineStyle>
			<PolyStyle>
			</PolyStyle>
			<BalloonStyle>
				<displayMode>hide</displayMode>
			</BalloonStyle>
		</Style>
	</gx:CascadingStyle>
	<gx:CascadingStyle kml:id="__managed_style_481C9367ED3D8303413B">
		<Style>
			<IconStyle>
				<Icon>
					<href>https://earth.google.com/earth/document/icon?color=1976d2&amp;id=2000&amp;scale=4</href>
				</Icon>
				<hotSpot x="64" y="128" xunits="pixels" yunits="insetPixels"/>
			</IconStyle>
			<LabelStyle>
			</LabelStyle>
			<LineStyle>
				<width>0.999167</width>
			</LineStyle>
			<PolyStyle>
			</PolyStyle>
			<BalloonStyle>
				<displayMode>hide</displayMode>
			</BalloonStyle>
		</Style>
	</gx:CascadingStyle>
	<gx:CascadingStyle kml:id="__managed_style_2037FD17213D8303413B">
		<Style>
			<IconStyle>
				<scale>1.2</scale>
				<Icon>
					<href>https://earth.google.com/earth/document/icon?color=388e3c&amp;id=2006&amp;scale=4</href>
				</Icon>
				<hotSpot x="64" y="128" xunits="pixels" yunits="insetPixels"/>
			</IconStyle>
			<LabelStyle>
			</LabelStyle>
			<LineStyle>
				<color>ff2dc0fb</color>
				<width>2.1325</width>
			</LineStyle>
			<PolyStyle>
				<color>40ffffff</color>
			</PolyStyle>
			<BalloonStyle>
				<displayMode>hide</displayMode>
			</BalloonStyle>
		</Style>
	</gx:CascadingStyle>
	<gx:CascadingStyle kml:id="__managed_style_1D9FAEF0673D8303413B">
		<Style>
			<IconStyle>
				<Icon>
					<href>https://earth.google.com/earth/document/icon?color=388e3c&amp;id=2006&amp;scale=4</href>
				</Icon>
				<hotSpot x="64" y="128" xunits="pixels" yunits="insetPixels"/>
			</IconStyle>
			<LabelStyle>
			</LabelStyle>
			<LineStyle>
				<color>ff2dc0fb</color>
				<width>1.42167</width>
			</LineStyle>
			<PolyStyle>
				<color>40ffffff</color>
			</PolyStyle>
			<BalloonStyle>
				<displayMode>hide</displayMode>
			</BalloonStyle>
		</Style>
	</gx:CascadingStyle>
	<StyleMap id="__managed_style_0285F30D2B3D8303413B">
		<Pair>
			<key>normal</key>
			<styleUrl>#__managed_style_1D9FAEF0673D8303413B</styleUrl>
		</Pair>
		<Pair>
			<key>highlight</key>
			<styleUrl>#__managed_style_2037FD17213D8303413B</styleUrl>
		</Pair>
	</StyleMap>
	<gx:CascadingStyle kml:id="__managed_style_587B8B92723D83034139">
		<Style>
			<IconStyle>
				<scale>1.56</scale>
				<Icon>
					<href>https://maps.google.com/mapfiles/kml/pushpin/ylw-pushpin.png</href>
				</Icon>
			</IconStyle>
			<LabelStyle>
			</LabelStyle>
			<LineStyle>
				<color>ffd27619</color>
				<width>2.5</width>
			</LineStyle>
			<PolyStyle>
			</PolyStyle>
			<BalloonStyle>
			</BalloonStyle>
		</Style>
	</gx:CascadingStyle>
	<StyleMap id="__managed_style_0489BD3B783D83034139">
		<Pair>
			<key>normal</key>
			<styleUrl>#__managed_style_1C636FD17D3D83034139</styleUrl>
		</Pair>
		<Pair>
			<key>highlight</key>
			<styleUrl>#__managed_style_2B5EF304F93D83034139</styleUrl>
		</Pair>
	</StyleMap>
	<StyleMap id="msn_grn-pushpin">
		<Pair>
			<key>normal</key>
			<styleUrl>#sn_grn-pushpin</styleUrl>
		</Pair>
		<Pair>
			<key>highlight</key>
			<styleUrl>#sh_grn-pushpin</styleUrl>
		</Pair>
	</StyleMap>
	<StyleMap id="__managed_style_37C51C932E3D83034138">
		<Pair>
			<key>normal</key>
			<styleUrl>#__managed_style_426CE3C2613D83034138</styleUrl>
		</Pair>
		<Pair>
			<key>highlight</key>
			<styleUrl>#__managed_style_51F6E923573D83034138</styleUrl>
		</Pair>
	</StyleMap>
	<Style id="s_ylw-pushpin0">
		<IconStyle>
			<color>ffffff00</color>
			<scale>1.2</scale>
			<Icon>
				<href>https://maps.google.com/mapfiles/kml/shapes/realestate.png</href>
			</Icon>
			<hotSpot x="0.5" y="0" xunits="fraction" yunits="fraction"/>
		</IconStyle>
	</Style>
	<Style id="sn_ylw-pushpin">
		<IconStyle>
			<scale>1.1</scale>
			<Icon>
				<href>https://maps.google.com/mapfiles/kml/pushpin/ylw-pushpin.png</href>
			</Icon>
			<hotSpot x="20" y="2" xunits="pixels" yunits="pixels"/>
		</IconStyle>
		<LabelStyle>
			<scale>0</scale>
		</LabelStyle>
	</Style>
	<gx:CascadingStyle kml:id="__managed_style_2B5EF304F93D83034139">
		<Style>
			<IconStyle>
				<scale>1.2</scale>
				<Icon>
					<href>https://earth.google.com/earth/document/icon?color=1976d2&amp;id=2000&amp;scale=4</href>
				</Icon>
				<hotSpot x="64" y="128" xunits="pixels" yunits="insetPixels"/>
			</IconStyle>
			<LabelStyle>
			</LabelStyle>
			<LineStyle>
				<color>ffd27619</color>
				<width>2.1325</width>
			</LineStyle>
			<PolyStyle>
				<color>40ffffff</color>
			</PolyStyle>
			<BalloonStyle>
				<displayMode>hide</displayMode>
			</BalloonStyle>
		</Style>
	</gx:CascadingStyle>
	<StyleMap id="m_ylw-pushpin0">
		<Pair>
			<key>normal</key>
			<styleUrl>#s_ylw-pushpin0</styleUrl>
		</Pair>
		<Pair>
			<key>highlight</key>
			<styleUrl>#s_ylw-pushpin_hl</styleUrl>
		</Pair>
	</StyleMap>
	<gx:CascadingStyle kml:id="__managed_style_ABD5B2160A3D83034138">
		<Style>
			<IconStyle>
				<scale>1.5</scale>
				<Icon>
					<href>https://earth.google.com/earth/document/icon?color=1976d2&amp;id=2000&amp;scale=4</href>
				</Icon>
				<hotSpot x="64" y="128" xunits="pixels" yunits="insetPixels"/>
			</IconStyle>
			<LabelStyle>
			</LabelStyle>
			<LineStyle>
				<color>ff2dc0fb</color>
				<width>1.42167</width>
			</LineStyle>
			<PolyStyle>
				<color>40ffffff</color>
			</PolyStyle>
			<BalloonStyle>
				<displayMode>hide</displayMode>
			</BalloonStyle>
		</Style>
	</gx:CascadingStyle>
	<StyleMap id="__managed_style_9BBDB275493D83034138">
		<Pair>
			<key>normal</key>
			<styleUrl>#__managed_style_ABD5B2160A3D83034138</styleUrl>
		</Pair>
		<Pair>
			<key>highlight</key>
			<styleUrl>#__managed_style_BC8FFEDAF23D83034138</styleUrl>
		</Pair>
	</StyleMap>
	<gx:CascadingStyle kml:id="__managed_style_5E33DEDA3B3D8303413C">
		<Style>
			<IconStyle>
				<scale>1.2</scale>
				<Icon>
					<href>https://earth.google.com/earth/document/icon?color=1976d2&amp;id=2000&amp;scale=4</href>
				</Icon>
				<hotSpot x="64" y="128" xunits="pixels" yunits="insetPixels"/>
			</IconStyle>
			<LabelStyle>
			</LabelStyle>
			<LineStyle>
				<color>ff2dc0fb</color>
				<width>2.1325</width>
			</LineStyle>
			<PolyStyle>
				<color>40ffffff</color>
			</PolyStyle>
			<BalloonStyle>
				<displayMode>hide</displayMode>
			</BalloonStyle>
		</Style>
	</gx:CascadingStyle>
	<gx:CascadingStyle kml:id="__managed_style_818784B4783D83034138">
		<Style>
			<IconStyle>
				<scale>1.8</scale>
				<Icon>
					<href>https://earth.google.com/earth/document/icon?color=d32f2f&amp;id=2000&amp;scale=4</href>
				</Icon>
				<hotSpot x="64" y="128" xunits="pixels" yunits="insetPixels"/>
			</IconStyle>
			<LabelStyle>
			</LabelStyle>
			<LineStyle>
				<color>ff2dc0fb</color>
				<width>2.1325</width>
			</LineStyle>
			<PolyStyle>
				<color>40ffffff</color>
			</PolyStyle>
			<BalloonStyle>
				<displayMode>hide</displayMode>
			</BalloonStyle>
		</Style>
	</gx:CascadingStyle>
	<StyleMap id="__managed_style_35DF22C21A3D8303413B">
		<Pair>
			<key>normal</key>
			<styleUrl>#__managed_style_481C9367ED3D8303413B</styleUrl>
		</Pair>
		<Pair>
			<key>highlight</key>
			<styleUrl>#__managed_style_571E133EC73D8303413B</styleUrl>
		</Pair>
	</StyleMap>
	<gx:CascadingStyle kml:id="__managed_style_426CE3C2613D83034138">
		<Style>
			<IconStyle>
				<Icon>
					<href>https://earth.google.com/earth/document/icon?color=1976d2&amp;id=2000&amp;scale=4</href>
				</Icon>
				<hotSpot x="64" y="128" xunits="pixels" yunits="insetPixels"/>
			</IconStyle>
			<LabelStyle>
			</LabelStyle>
			<LineStyle>
				<color>ff3c8e38</color>
				<width>3.3325</width>
			</LineStyle>
			<PolyStyle>
				<color>40ffffff</color>
			</PolyStyle>
			<BalloonStyle>
				<displayMode>hide</displayMode>
			</BalloonStyle>
		</Style>
	</gx:CascadingStyle>
	<StyleMap id="__managed_style_63DE1335D43D83034138">
		<Pair>
			<key>normal</key>
			<styleUrl>#__managed_style_74B9B9E5723D83034138</styleUrl>
		</Pair>
		<Pair>
			<key>highlight</key>
			<styleUrl>#__managed_style_818784B4783D83034138</styleUrl>
		</Pair>
	</StyleMap>
	<StyleMap id="__managed_style_3D64B0B6CE3D8303413C">
		<Pair>
			<key>normal</key>
			<styleUrl>#__managed_style_46DF4422A53D8303413C</styleUrl>
		</Pair>
		<Pair>
			<key>highlight</key>
			<styleUrl>#__managed_style_5E33DEDA3B3D8303413C</styleUrl>
		</Pair>
	</StyleMap>
	<gx:CascadingStyle kml:id="__managed_style_BC8FFEDAF23D83034138">
		<Style>
			<IconStyle>
				<scale>1.8</scale>
				<Icon>
					<href>https://earth.google.com/earth/document/icon?color=1976d2&amp;id=2000&amp;scale=4</href>
				</Icon>
				<hotSpot x="64" y="128" xunits="pixels" yunits="insetPixels"/>
			</IconStyle>
			<LabelStyle>
			</LabelStyle>
			<LineStyle>
				<color>ff2dc0fb</color>
				<width>2.1325</width>
			</LineStyle>
			<PolyStyle>
				<color>40ffffff</color>
			</PolyStyle>
			<BalloonStyle>
				<displayMode>hide</displayMode>
			</BalloonStyle>
		</Style>
	</gx:CascadingStyle>
	<gx:CascadingStyle kml:id="__managed_style_19690639B93D83034138">
		<Style>
			<IconStyle>
				<scale>0.75</scale>
				<Icon>
					<href>https://earth.google.com/earth/document/icon?color=26a69a&amp;id=2000&amp;scale=4</href>
				</Icon>
				<hotSpot x="64" y="128" xunits="pixels" yunits="insetPixels"/>
			</IconStyle>
			<LabelStyle>
			</LabelStyle>
			<LineStyle>
				<width>0.999167</width>
			</LineStyle>
			<PolyStyle>
			</PolyStyle>
			<BalloonStyle>
				<displayMode>hide</displayMode>
			</BalloonStyle>
		</Style>
	</gx:CascadingStyle>
	<gx:CascadingStyle kml:id="__managed_style_79FBF7483A3D8303413C">
		<styleUrl>https://earth.google.com/balloon_components/base/1.1.0.0/card_template.kml#main</styleUrl>
		<Style>
			<IconStyle>
				<Icon>
					<href>https://earth.google.com/earth/document/icon?color=1976d2&amp;id=2000&amp;scale=4</href>
				</Icon>
				<hotSpot x="64" y="128" xunits="pixels" yunits="insetPixels"/>
			</IconStyle>
			<LabelStyle>
			</LabelStyle>
			<LineStyle>
				<color>ff2dc0fb</color>
				<width>1.42167</width>
			</LineStyle>
			<PolyStyle>
				<color>40ffffff</color>
			</PolyStyle>
			<BalloonStyle>
			</BalloonStyle>
		</Style>
	</gx:CascadingStyle>
	<gx:CascadingStyle kml:id="__managed_style_4BE27D2DF93D83034139">
		<Style>
			<IconStyle>
				<scale>1.3</scale>
				<Icon>
					<href>https://maps.google.com/mapfiles/kml/pushpin/ylw-pushpin.png</href>
				</Icon>
			</IconStyle>
			<LabelStyle>
			</LabelStyle>
			<LineStyle>
				<color>ffd27619</color>
				<width>1.66667</width>
			</LineStyle>
			<PolyStyle>
			</PolyStyle>
			<BalloonStyle>
			</BalloonStyle>
		</Style>
	</gx:CascadingStyle>
	<gx:CascadingStyle kml:id="__managed_style_25260F67663D8303413C">
		<styleUrl>https://earth.google.com/balloon_components/base/1.1.0.0/card_template.kml#main</styleUrl>
		<Style>
			<IconStyle>
				<scale>1.2</scale>
				<Icon>
					<href>https://earth.google.com/earth/document/icon?color=1976d2&amp;id=2000&amp;scale=4</href>
				</Icon>
				<hotSpot x="64" y="128" xunits="pixels" yunits="insetPixels"/>
			</IconStyle>
			<LabelStyle>
			</LabelStyle>
			<LineStyle>
				<width>1.49875</width>
			</LineStyle>
			<PolyStyle>
			</PolyStyle>
			<BalloonStyle>
			</BalloonStyle>
		</Style>
	</gx:CascadingStyle>
	<StyleMap id="__managed_style_0DC48E74143D83034138">
		<Pair>
			<key>normal</key>
			<styleUrl>#__managed_style_19690639B93D83034138</styleUrl>
		</Pair>
		<Pair>
			<key>highlight</key>
			<styleUrl>#__managed_style_2B909170CC3D83034138</styleUrl>
		</Pair>
	</StyleMap>
	<gx:CascadingStyle kml:id="__managed_style_54B36565F43D83034137">
		<Style>
			<IconStyle>
				<scale>2.4</scale>
				<Icon>
					<href>https://earth.google.com/earth/document/icon?color=f57c00&amp;id=2176&amp;scale=4</href>
				</Icon>
				<hotSpot x="64" y="128" xunits="pixels" yunits="insetPixels"/>
			</IconStyle>
			<LabelStyle>
				<scale>0</scale>
			</LabelStyle>
			<LineStyle>
				<width>1.49875</width>
			</LineStyle>
			<PolyStyle>
			</PolyStyle>
			<BalloonStyle>
				<displayMode>hide</displayMode>
			</BalloonStyle>
		</Style>
	</gx:CascadingStyle>
	<Style id="s_ylw-pushpin_hl">
		<IconStyle>
			<color>ffffff00</color>
			<scale>1.4</scale>
			<Icon>
				<href>https://maps.google.com/mapfiles/kml/shapes/realestate.png</href>
			</Icon>
			<hotSpot x="0.5" y="0" xunits="fraction" yunits="fraction"/>
		</IconStyle>
	</Style>
	<StyleMap id="__managed_style_3DB7A5F4C03D83034137">
		<Pair>
			<key>normal</key>
			<styleUrl>#__managed_style_4C4C35B71B3D83034137</styleUrl>
		</Pair>
		<Pair>
			<key>highlight</key>
			<styleUrl>#__managed_style_54B36565F43D83034137</styleUrl>
		</Pair>
	</StyleMap>
	<StyleMap id="msn_grn-pushpin0">
		<Pair>
			<key>normal</key>
			<styleUrl>#sn_grn-pushpin0</styleUrl>
		</Pair>
		<Pair>
			<key>highlight</key>
			<styleUrl>#sh_grn-pushpin0</styleUrl>
		</Pair>
	</StyleMap>
	<gx:CascadingStyle kml:id="__managed_style_2FF7E8B64D3D83034137">
		<Style>
			<IconStyle>
				<scale>1.2</scale>
				<Icon>
					<href>https://earth.google.com/earth/document/icon?color=1976d2&amp;id=2000&amp;scale=4</href>
				</Icon>
				<hotSpot x="64" y="128" xunits="pixels" yunits="insetPixels"/>
			</IconStyle>
			<LabelStyle>
			</LabelStyle>
			<LineStyle>
				<color>ff2f2fd3</color>
				<width>2.1325</width>
			</LineStyle>
			<PolyStyle>
				<color>40ffffff</color>
			</PolyStyle>
			<BalloonStyle>
				<displayMode>hide</displayMode>
			</BalloonStyle>
		</Style>
	</gx:CascadingStyle>
	<gx:CascadingStyle kml:id="__managed_style_151A86B35D3D83034137">
		<Style>
			<IconStyle>
				<Icon>
					<href>https://earth.google.com/earth/document/icon?color=1976d2&amp;id=2000&amp;scale=4</href>
				</Icon>
				<hotSpot x="64" y="128" xunits="pixels" yunits="insetPixels"/>
			</IconStyle>
			<LabelStyle>
			</LabelStyle>
			<LineStyle>
				<color>ff2f2fd3</color>
				<width>1.42167</width>
			</LineStyle>
			<PolyStyle>
				<color>40ffffff</color>
			</PolyStyle>
			<BalloonStyle>
				<displayMode>hide</displayMode>
			</BalloonStyle>
		</Style>
	</gx:CascadingStyle>
	<gx:CascadingStyle kml:id="__managed_style_1F87D728933D83034136">
		<Style>
			<IconStyle>
				<scale>1.3</scale>
				<Icon>
					<href>https://maps.google.com/mapfiles/kml/pushpin/ylw-pushpin.png</href>
				</Icon>
			</IconStyle>
			<LabelStyle>
			</LabelStyle>
			<LineStyle>
				<width>0.999167</width>
			</LineStyle>
			<PolyStyle>
			</PolyStyle>
			<BalloonStyle>
			</BalloonStyle>
		</Style>
	</gx:CascadingStyle>
	<Style id="sh_grn-pushpin">
		<IconStyle>
			<scale>1.3</scale>
			<Icon>
				<href>https://maps.google.com/mapfiles/kml/pushpin/grn-pushpin.png</href>
			</Icon>
			<hotSpot x="20" y="2" xunits="pixels" yunits="pixels"/>
		</IconStyle>
	</Style>
	<gx:CascadingStyle kml:id="__managed_style_5F9024216D3D83034136">
		<Style>
			<IconStyle>
				<scale>1.2</scale>
				<Icon>
					<href>https://earth.google.com/earth/document/icon?color=1976d2&amp;id=2000&amp;scale=4</href>
				</Icon>
				<hotSpot x="64" y="128" xunits="pixels" yunits="insetPixels"/>
			</IconStyle>
			<LabelStyle>
			</LabelStyle>
			<LineStyle>
				<color>ff2dc0fb</color>
				<width>4.99875</width>
			</LineStyle>
			<PolyStyle>
				<color>40ffffff</color>
			</PolyStyle>
			<BalloonStyle>
				<displayMode>hide</displayMode>
			</BalloonStyle>
		</Style>
	</gx:CascadingStyle>
	<StyleMap id="__managed_style_0DDF04308A3D83034137">
		<Pair>
			<key>normal</key>
			<styleUrl>#__managed_style_151A86B35D3D83034137</styleUrl>
		</Pair>
		<Pair>
			<key>highlight</key>
			<styleUrl>#__managed_style_2FF7E8B64D3D83034137</styleUrl>
		</Pair>
	</StyleMap>
	<gx:CascadingStyle kml:id="__managed_style_74B9B9E5723D83034138">
		<Style>
			<IconStyle>
				<scale>1.5</scale>
				<Icon>
					<href>https://earth.google.com/earth/document/icon?color=d32f2f&amp;id=2000&amp;scale=4</href>
				</Icon>
				<hotSpot x="64" y="128" xunits="pixels" yunits="insetPixels"/>
			</IconStyle>
			<LabelStyle>
			</LabelStyle>
			<LineStyle>
				<color>ff2dc0fb</color>
				<width>1.42167</width>
			</LineStyle>
			<PolyStyle>
				<color>40ffffff</color>
			</PolyStyle>
			<BalloonStyle>
				<displayMode>hide</displayMode>
			</BalloonStyle>
		</Style>
	</gx:CascadingStyle>
	<gx:CascadingStyle kml:id="__managed_style_25891BBFDC3D83034136">
		<Style>
			<IconStyle>
				<scale>1.56</scale>
				<Icon>
					<href>https://maps.google.com/mapfiles/kml/pushpin/ylw-pushpin.png</href>
				</Icon>
			</IconStyle>
			<LabelStyle>
			</LabelStyle>
			<LineStyle>
				<width>1.49875</width>
			</LineStyle>
			<PolyStyle>
			</PolyStyle>
			<BalloonStyle>
			</BalloonStyle>
		</Style>
	</gx:CascadingStyle>
	<gx:CascadingStyle kml:id="__managed_style_401687B37E3D83034136">
		<Style>
			<IconStyle>
				<Icon>
					<href>https://earth.google.com/earth/document/icon?color=1976d2&amp;id=2000&amp;scale=4</href>
				</Icon>
				<hotSpot x="64" y="128" xunits="pixels" yunits="insetPixels"/>
			</IconStyle>
			<LabelStyle>
			</LabelStyle>
			<LineStyle>
				<color>ff2dc0fb</color>
				<width>3.3325</width>
			</LineStyle>
			<PolyStyle>
				<color>40ffffff</color>
			</PolyStyle>
			<BalloonStyle>
				<displayMode>hide</displayMode>
			</BalloonStyle>
		</Style>
	</gx:CascadingStyle>
	<gx:CascadingStyle kml:id="__managed_style_1EF1AD70613D83034134">
		<Style>
			<IconStyle>
				<Icon>
					<href>https://earth.google.com/earth/document/icon?color=1976d2&amp;id=2000&amp;scale=4</href>
				</Icon>
				<hotSpot x="64" y="128" xunits="pixels" yunits="insetPixels"/>
			</IconStyle>
			<LabelStyle>
			</LabelStyle>
			<LineStyle>
				<width>0.999167</width>
			</LineStyle>
			<PolyStyle>
			</PolyStyle>
			<BalloonStyle>
			</BalloonStyle>
		</Style>
	</gx:CascadingStyle>
	<Style id="sn_grn-pushpin0">
		<IconStyle>
			<scale>1.1</scale>
			<Icon>
				<href>https://maps.google.com/mapfiles/kml/pushpin/grn-pushpin.png</href>
			</Icon>
			<hotSpot x="20" y="2" xunits="pixels" yunits="pixels"/>
		</IconStyle>
		<LabelStyle>
			<scale>0</scale>
		</LabelStyle>
	</Style>
	<StyleMap id="msn_ylw-pushpin">
		<Pair>
			<key>normal</key>
			<styleUrl>#sn_ylw-pushpin</styleUrl>
		</Pair>
		<Pair>
			<key>highlight</key>
			<styleUrl>#sh_ylw-pushpin</styleUrl>
		</Pair>
	</StyleMap>
	<Style id="sh_grn-pushpin0">
		<IconStyle>
			<scale>1.3</scale>
			<Icon>
				<href>https://maps.google.com/mapfiles/kml/pushpin/grn-pushpin.png</href>
			</Icon>
			<hotSpot x="20" y="2" xunits="pixels" yunits="pixels"/>
		</IconStyle>
	</Style>
	<StyleMap id="__managed_style_3182D936463D83034136">
		<Pair>
			<key>normal</key>
			<styleUrl>#__managed_style_401687B37E3D83034136</styleUrl>
		</Pair>
		<Pair>
			<key>highlight</key>
			<styleUrl>#__managed_style_5F9024216D3D83034136</styleUrl>
		</Pair>
	</StyleMap>
	<gx:CascadingStyle kml:id="__managed_style_51F6E923573D83034138">
		<Style>
			<IconStyle>
				<scale>1.2</scale>
				<Icon>
					<href>https://earth.google.com/earth/document/icon?color=1976d2&amp;id=2000&amp;scale=4</href>
				</Icon>
				<hotSpot x="64" y="128" xunits="pixels" yunits="insetPixels"/>
			</IconStyle>
			<LabelStyle>
			</LabelStyle>
			<LineStyle>
				<color>ff3c8e38</color>
				<width>4.99875</width>
			</LineStyle>
			<PolyStyle>
				<color>40ffffff</color>
			</PolyStyle>
			<BalloonStyle>
				<displayMode>hide</displayMode>
			</BalloonStyle>
		</Style>
	</gx:CascadingStyle>
	<gx:CascadingStyle kml:id="__managed_style_4C4C35B71B3D83034137">
		<Style>
			<IconStyle>
				<scale>2</scale>
				<Icon>
					<href>https://earth.google.com/earth/document/icon?color=f57c00&amp;id=2176&amp;scale=4</href>
				</Icon>
				<hotSpot x="64" y="128" xunits="pixels" yunits="insetPixels"/>
			</IconStyle>
			<LabelStyle>
				<scale>0</scale>
			</LabelStyle>
			<LineStyle>
				<width>0.999167</width>
			</LineStyle>
			<PolyStyle>
			</PolyStyle>
			<BalloonStyle>
				<displayMode>hide</displayMode>
			</BalloonStyle>
		</Style>
	</gx:CascadingStyle>
	<Style id="icon-1899-0288D1-highlight0">
		<IconStyle>
			<Icon>
				<href>file://earth/files/icon-1.png</href>
			</Icon>
			<hotSpot x="32" y="64" xunits="pixels" yunits="insetPixels"/>
		</IconStyle>
	</Style>
	<StyleMap id="__managed_style_06ADC0618E3D83034136">
		<Pair>
			<key>normal</key>
			<styleUrl>#__managed_style_1F87D728933D83034136</styleUrl>
		</Pair>
		<Pair>
			<key>highlight</key>
			<styleUrl>#__managed_style_25891BBFDC3D83034136</styleUrl>
		</Pair>
	</StyleMap>
	<gx:CascadingStyle kml:id="__managed_style_2B909170CC3D83034138">
		<Style>
			<IconStyle>
				<scale>0.9</scale>
				<Icon>
					<href>https://earth.google.com/earth/document/icon?color=26a69a&amp;id=2000&amp;scale=4</href>
				</Icon>
				<hotSpot x="64" y="128" xunits="pixels" yunits="insetPixels"/>
			</IconStyle>
			<LabelStyle>
			</LabelStyle>
			<LineStyle>
				<width>1.49875</width>
			</LineStyle>
			<PolyStyle>
			</PolyStyle>
			<BalloonStyle>
				<displayMode>hide</displayMode>
			</BalloonStyle>
		</Style>
	</gx:CascadingStyle>
	<StyleMap id="__managed_style_06216AB43E3D83034134">
		<Pair>
			<key>normal</key>
			<styleUrl>#__managed_style_1EF1AD70613D83034134</styleUrl>
		</Pair>
		<Pair>
			<key>highlight</key>
			<styleUrl>#__managed_style_2498EE01503D83034134</styleUrl>
		</Pair>
	</StyleMap>
	<gx:CascadingStyle kml:id="__managed_style_1C636FD17D3D83034139">
		<Style>
			<IconStyle>
				<Icon>
					<href>https://earth.google.com/earth/document/icon?color=1976d2&amp;id=2000&amp;scale=4</href>
				</Icon>
				<hotSpot x="64" y="128" xunits="pixels" yunits="insetPixels"/>
			</IconStyle>
			<LabelStyle>
			</LabelStyle>
			<LineStyle>
				<color>ffd27619</color>
				<width>1.42167</width>
			</LineStyle>
			<PolyStyle>
				<color>40ffffff</color>
			</PolyStyle>
			<BalloonStyle>
				<displayMode>hide</displayMode>
			</BalloonStyle>
		</Style>
	</gx:CascadingStyle>
	<gx:CascadingStyle kml:id="__managed_style_2498EE01503D83034134">
		<Style>
			<IconStyle>
				<scale>1.2</scale>
				<Icon>
					<href>https://earth.google.com/earth/document/icon?color=1976d2&amp;id=2000&amp;scale=4</href>
				</Icon>
				<hotSpot x="64" y="128" xunits="pixels" yunits="insetPixels"/>
			</IconStyle>
			<LabelStyle>
			</LabelStyle>
			<LineStyle>
				<width>1.49875</width>
			</LineStyle>
			<PolyStyle>
			</PolyStyle>
			<BalloonStyle>
			</BalloonStyle>
		</Style>
	</gx:CascadingStyle>
	<Style id="sh_ylw-pushpin">
		<IconStyle>
			<scale>1.3</scale>
			<Icon>
				<href>https://maps.google.com/mapfiles/kml/pushpin/ylw-pushpin.png</href>
			</Icon>
			<hotSpot x="20" y="2" xunits="pixels" yunits="pixels"/>
		</IconStyle>
	</Style>
	<Style id="sn_grn-pushpin">
		<IconStyle>
			<scale>1.1</scale>
			<Icon>
				<href>https://maps.google.com/mapfiles/kml/pushpin/grn-pushpin.png</href>
			</Icon>
			<hotSpot x="20" y="2" xunits="pixels" yunits="pixels"/>
		</IconStyle>
		<LabelStyle>
			<scale>0</scale>
		</LabelStyle>
	</Style>
	<Style id="icon-1899-0288D1-normal">
		<IconStyle>
			<Icon>
				<href>file://earth/files/icon-1.png</href>
			</Icon>
			<hotSpot x="32" y="64" xunits="pixels" yunits="insetPixels"/>
		</IconStyle>
		<LabelStyle>
			<scale>0</scale>
		</LabelStyle>
	</Style>
	<gx:CascadingStyle kml:id="__managed_style_098EBB3FBA3D8303413E">
		<styleUrl>https://earth.google.com/balloon_components/base/1.1.0.0/card_template.kml#main</styleUrl>
		<Style>
			<IconStyle>
				<scale>1.2</scale>
				<Icon>
					<href>https://earth.google.com/earth/document/icon?color=1976d2&amp;id=2000&amp;scale=4</href>
				</Icon>
				<hotSpot x="64" y="128" xunits="pixels" yunits="insetPixels"/>
			</IconStyle>
			<LabelStyle>
			</LabelStyle>
			<LineStyle>
				<color>ff2dc0fb</color>
				<width>2.1325</width>
			</LineStyle>
			<PolyStyle>
				<color>40ffffff</color>
			</PolyStyle>
			<BalloonStyle>
			</BalloonStyle>
		</Style>
	</gx:CascadingStyle>
	<StyleMap id="__managed_style_319324B97A3D83034139">
		<Pair>
			<key>normal</key>
			<styleUrl>#__managed_style_4BE27D2DF93D83034139</styleUrl>
		</Pair>
		<Pair>
			<key>highlight</key>
			<styleUrl>#__managed_style_587B8B92723D83034139</styleUrl>
		</Pair>
	</StyleMap>
	<StyleMap id="icon-1899-0288D1">
		<Pair>
			<key>normal</key>
			<styleUrl>#icon-1899-0288D1-normal</styleUrl>
		</Pair>
		<Pair>
			<key>highlight</key>
			<styleUrl>#icon-1899-0288D1-highlight0</styleUrl>
		</Pair>
	</StyleMap>
	<Folder id="08FC2E81BD3C1A63F85C">
		<name>PTO Nare Existente</name>
		<Folder id="18A0D756033C1A63F85C">
			<name>CARTERA DE POSTES PUERTO NARE.xlsx</name>
			<visibility>0</visibility>
			<Placemark id="2E18AECD9A3C1A63F85C">
				<name>PF60</name>
				<description><![CDATA[DISTANCIA POSTE A POSTE METROS: 10<br>ALTURA: 8<br>DIRECCION: carrera 2 con 49<br>LONGITUDE: -74.58146<br>LATITUDE: 6.187755<br>TIPO DE TENSION: baja<br># TRANSFORMADOR: no<br>SECUNDARIA: no<br>FIBRA OPTICA: si<br>TELEVISION: no<br>TELEFONIA: si]]></description>
				<styleUrl>#icon-1899-0288D1</styleUrl>
				<ExtendedData>
					<Data name="DISTANCIA POSTE A POSTE METROS">
						<value>10.0</value>
					</Data>
					<Data name="ALTURA">
						<value>8.0</value>
					</Data>
					<Data name="DIRECCION">
						<value>carrera 2 con 49</value>
					</Data>
					<Data name="LONGITUDE">
						<value>-74.58146</value>
					</Data>
					<Data name="LATITUDE">
						<value>6.187755</value>
					</Data>
					<Data name="TIPO DE TENSION">
						<value>baja</value>
					</Data>
					<Data name="# TRANSFORMADOR">
						<value>no</value>
					</Data>
					<Data name="SECUNDARIA">
						<value>no</value>
					</Data>
					<Data name="FIBRA OPTICA">
						<value>si</value>
					</Data>
					<Data name="TELEVISION">
						<value>no</value>
					</Data>
					<Data name="TELEFONIA">
						<value>si</value>
					</Data>
				</ExtendedData>
				<Point>
					<coordinates>-74.58146000000001,6.187755,0</coordinates>
				</Point>
			</Placemark>
			<Placemark id="39B2ADBF353C1A63F85C">
				<name>pf59</name>
				<description><![CDATA[DISTANCIA POSTE A POSTE METROS: 25<br>ALTURA: 8<br>DIRECCION: carrera 2 con 49<br>LONGITUDE: -74.58145<br>LATITUDE: 6.187676<br>TIPO DE TENSION: baja<br># TRANSFORMADOR: no<br>SECUNDARIA: si<br>FIBRA OPTICA: si<br>TELEVISION: si<br>TELEFONIA: no]]></description>
				<styleUrl>#icon-1899-0288D1</styleUrl>
				<ExtendedData>
					<Data name="DISTANCIA POSTE A POSTE METROS">
						<value>25.0</value>
					</Data>
					<Data name="ALTURA">
						<value>8.0</value>
					</Data>
					<Data name="DIRECCION">
						<value>carrera 2 con 49</value>
					</Data>
					<Data name="LONGITUDE">
						<value>-74.58145</value>
					</Data>
					<Data name="LATITUDE">
						<value>6.187676</value>
					</Data>
					<Data name="TIPO DE TENSION">
						<value>baja</value>
					</Data>
					<Data name="# TRANSFORMADOR">
						<value>no</value>
					</Data>
					<Data name="SECUNDARIA">
						<value>si</value>
					</Data>
					<Data name="FIBRA OPTICA">
						<value>si</value>
					</Data>
					<Data name="TELEVISION">
						<value>si</value>
					</Data>
					<Data name="TELEFONIA">
						<value>no</value>
					</Data>
				</ExtendedData>
				<Point>
					<coordinates>-74.58145,6.187676,0</coordinates>
				</Point>
			</Placemark>
			<Placemark id="45BEA4F9B53C1A63F85C">
				<name>pf58</name>
				<description><![CDATA[DISTANCIA POSTE A POSTE METROS: 8<br>ALTURA: 8<br>DIRECCION: carrera 2 con 49<br>LONGITUDE: -74.581479<br>LATITUDE: 6.187517<br>TIPO DE TENSION: baja<br># TRANSFORMADOR: no<br>SECUNDARIA: si<br>FIBRA OPTICA: si<br>TELEVISION: si<br>TELEFONIA: no]]></description>
				<styleUrl>#icon-1899-0288D1</styleUrl>
				<ExtendedData>
					<Data name="DISTANCIA POSTE A POSTE METROS">
						<value>8.0</value>
					</Data>
					<Data name="ALTURA">
						<value>8.0</value>
					</Data>
					<Data name="DIRECCION">
						<value>carrera 2 con 49</value>
					</Data>
					<Data name="LONGITUDE">
						<value>-74.581479</value>
					</Data>
					<Data name="LATITUDE">
						<value>6.187517</value>
					</Data>
					<Data name="TIPO DE TENSION">
						<value>baja</value>
					</Data>
					<Data name="# TRANSFORMADOR">
						<value>no</value>
					</Data>
					<Data name="SECUNDARIA">
						<value>si</value>
					</Data>
					<Data name="FIBRA OPTICA">
						<value>si</value>
					</Data>
					<Data name="TELEVISION">
						<value>si</value>
					</Data>
					<Data name="TELEFONIA">
						<value>no</value>
					</Data>
				</ExtendedData>
				<Point>
					<coordinates>-74.581479,6.187517,0</coordinates>
				</Point>
			</Placemark>
			<Placemark id="5222EF8F5A3C1A63F85C">
				<name>pf57</name>
				<description><![CDATA[DISTANCIA POSTE A POSTE METROS: 12<br>ALTURA: 10<br>DIRECCION: carrera 2 con 49<br>LONGITUDE: -74.581515<br>LATITUDE: 6.187377<br>TIPO DE TENSION: alta<br># TRANSFORMADOR: 91518<br>SECUNDARIA: si<br>FIBRA OPTICA: si<br>TELEVISION: si<br>TELEFONIA: no]]></description>
				<styleUrl>#icon-1899-0288D1</styleUrl>
				<ExtendedData>
					<Data name="DISTANCIA POSTE A POSTE METROS">
						<value>12.0</value>
					</Data>
					<Data name="ALTURA">
						<value>10.0</value>
					</Data>
					<Data name="DIRECCION">
						<value>carrera 2 con 49</value>
					</Data>
					<Data name="LONGITUDE">
						<value>-74.581515</value>
					</Data>
					<Data name="LATITUDE">
						<value>6.187377</value>
					</Data>
					<Data name="TIPO DE TENSION">
						<value>alta</value>
					</Data>
					<Data name="# TRANSFORMADOR">
						<value>91518</value>
					</Data>
					<Data name="SECUNDARIA">
						<value>si</value>
					</Data>
					<Data name="FIBRA OPTICA">
						<value>si</value>
					</Data>
					<Data name="TELEVISION">
						<value>si</value>
					</Data>
					<Data name="TELEFONIA">
						<value>no</value>
					</Data>
				</ExtendedData>
				<Point>
					<coordinates>-74.581515,6.187377000000001,0</coordinates>
				</Point>
			</Placemark>
			<Placemark id="646D890A643C1A63F85C">
				<name>PF56</name>
				<description><![CDATA[DISTANCIA POSTE A POSTE METROS: 21<br>ALTURA: 8<br>DIRECCION: calle 49 con 3<br>LONGITUDE: -74.58152<br>LATITUDE: 6.187269<br>TIPO DE TENSION: media<br># TRANSFORMADOR: no<br>SECUNDARIA: si<br>FIBRA OPTICA: si<br>TELEVISION: si<br>TELEFONIA: no]]></description>
				<styleUrl>#icon-1899-0288D1</styleUrl>
				<ExtendedData>
					<Data name="DISTANCIA POSTE A POSTE METROS">
						<value>21.0</value>
					</Data>
					<Data name="ALTURA">
						<value>8.0</value>
					</Data>
					<Data name="DIRECCION">
						<value>calle 49 con 3</value>
					</Data>
					<Data name="LONGITUDE">
						<value>-74.58152</value>
					</Data>
					<Data name="LATITUDE">
						<value>6.187269</value>
					</Data>
					<Data name="TIPO DE TENSION">
						<value>media</value>
					</Data>
					<Data name="# TRANSFORMADOR">
						<value>no</value>
					</Data>
					<Data name="SECUNDARIA">
						<value>si</value>
					</Data>
					<Data name="FIBRA OPTICA">
						<value>si</value>
					</Data>
					<Data name="TELEVISION">
						<value>si</value>
					</Data>
					<Data name="TELEFONIA">
						<value>no</value>
					</Data>
				</ExtendedData>
				<Point>
					<coordinates>-74.58152,6.187269,0</coordinates>
				</Point>
			</Placemark>
			<Placemark id="74F7DA35A83C1A63F85C">
				<name>PF54</name>
				<description><![CDATA[DISTANCIA POSTE A POSTE METROS: 17<br>ALTURA: 8<br>DIRECCION: calle 49 con 3<br>LONGITUDE: -74.581722<br>LATITUDE: 6.187309<br>TIPO DE TENSION: baja<br># TRANSFORMADOR: no<br>SECUNDARIA: si<br>FIBRA OPTICA: si<br>TELEVISION: no<br>TELEFONIA: no]]></description>
				<styleUrl>#icon-1899-0288D1</styleUrl>
				<ExtendedData>
					<Data name="DISTANCIA POSTE A POSTE METROS">
						<value>17.0</value>
					</Data>
					<Data name="ALTURA">
						<value>8.0</value>
					</Data>
					<Data name="DIRECCION">
						<value>calle 49 con 3</value>
					</Data>
					<Data name="LONGITUDE">
						<value>-74.581722</value>
					</Data>
					<Data name="LATITUDE">
						<value>6.187309</value>
					</Data>
					<Data name="TIPO DE TENSION">
						<value>baja</value>
					</Data>
					<Data name="# TRANSFORMADOR">
						<value>no</value>
					</Data>
					<Data name="SECUNDARIA">
						<value>si</value>
					</Data>
					<Data name="FIBRA OPTICA">
						<value>si</value>
					</Data>
					<Data name="TELEVISION">
						<value>no</value>
					</Data>
					<Data name="TELEFONIA">
						<value>no</value>
					</Data>
				</ExtendedData>
				<Point>
					<coordinates>-74.581722,6.187308999999999,0</coordinates>
				</Point>
			</Placemark>
			<Placemark id="814D3000AF3C1A63F85C">
				<name>PF53</name>
				<description><![CDATA[DISTANCIA POSTE A POSTE METROS: 27.6<br>ALTURA: 8<br>DIRECCION: calle 49 con 3<br>LONGITUDE: -74.581895<br>LATITUDE: 6.187320<br>TIPO DE TENSION: media<br># TRANSFORMADOR: no<br>SECUNDARIA: si<br>FIBRA OPTICA: si<br>TELEVISION: si<br>TELEFONIA: no]]></description>
				<styleUrl>#icon-1899-0288D1</styleUrl>
				<ExtendedData>
					<Data name="DISTANCIA POSTE A POSTE METROS">
						<value>27.6</value>
					</Data>
					<Data name="ALTURA">
						<value>8.0</value>
					</Data>
					<Data name="DIRECCION">
						<value>calle 49 con 3</value>
					</Data>
					<Data name="LONGITUDE">
						<value>-74.581895</value>
					</Data>
					<Data name="LATITUDE">
						<value>6.187320</value>
					</Data>
					<Data name="TIPO DE TENSION">
						<value>media</value>
					</Data>
					<Data name="# TRANSFORMADOR">
						<value>no</value>
					</Data>
					<Data name="SECUNDARIA">
						<value>si</value>
					</Data>
					<Data name="FIBRA OPTICA">
						<value>si</value>
					</Data>
					<Data name="TELEVISION">
						<value>si</value>
					</Data>
					<Data name="TELEFONIA">
						<value>no</value>
					</Data>
				</ExtendedData>
				<Point>
					<coordinates>-74.581895,6.187320000000001,0</coordinates>
				</Point>
			</Placemark>
			<Placemark id="91A60A75EE3C1A63F85C">
				<name>PF51</name>
				<description><![CDATA[DISTANCIA POSTE A POSTE METROS: 32<br>ALTURA: 10<br>DIRECCION: carrera 3 con 50<br>LONGITUDE: -74.581987<br>LATITUDE: 6.187268<br>TIPO DE TENSION: alta<br># TRANSFORMADOR: 187036<br>SECUNDARIA: si<br>FIBRA OPTICA: si<br>TELEVISION: si<br>TELEFONIA: no]]></description>
				<styleUrl>#icon-1899-0288D1</styleUrl>
				<ExtendedData>
					<Data name="DISTANCIA POSTE A POSTE METROS">
						<value>32.0</value>
					</Data>
					<Data name="ALTURA">
						<value>10.0</value>
					</Data>
					<Data name="DIRECCION">
						<value>carrera 3 con 50</value>
					</Data>
					<Data name="LONGITUDE">
						<value>-74.581987</value>
					</Data>
					<Data name="LATITUDE">
						<value>6.187268</value>
					</Data>
					<Data name="TIPO DE TENSION">
						<value>alta</value>
					</Data>
					<Data name="# TRANSFORMADOR">
						<value>187036</value>
					</Data>
					<Data name="SECUNDARIA">
						<value>si</value>
					</Data>
					<Data name="FIBRA OPTICA">
						<value>si</value>
					</Data>
					<Data name="TELEVISION">
						<value>si</value>
					</Data>
					<Data name="TELEFONIA">
						<value>no</value>
					</Data>
				</ExtendedData>
				<Point>
					<coordinates>-74.581987,6.187268,0</coordinates>
				</Point>
			</Placemark>
			<Placemark id="A09668F35C3C1A63F85C">
				<name>PF45</name>
				<description><![CDATA[DISTANCIA POSTE A POSTE METROS: 0.57<br>ALTURA: <br>DIRECCION: carrera 3 con 50<br>LONGITUDE: -74.5819754<br>LATITUDE: 6.1874907<br>TIPO DE TENSION: ALTA<br># TRANSFORMADOR: NO<br>SECUNDARIA: SI<br>FIBRA OPTICA: SI<br>TELEVISION: SI<br>TELEFONIA: SI]]></description>
				<styleUrl>#icon-1899-0288D1</styleUrl>
				<ExtendedData>
					<Data name="DISTANCIA POSTE A POSTE METROS">
						<value>0.57</value>
					</Data>
					<Data name="ALTURA">
					</Data>
					<Data name="DIRECCION">
						<value>carrera 3 con 50</value>
					</Data>
					<Data name="LONGITUDE">
						<value>-74.5819754</value>
					</Data>
					<Data name="LATITUDE">
						<value>6.1874907</value>
					</Data>
					<Data name="TIPO DE TENSION">
						<value>ALTA</value>
					</Data>
					<Data name="# TRANSFORMADOR">
						<value>NO</value>
					</Data>
					<Data name="SECUNDARIA">
						<value>SI</value>
					</Data>
					<Data name="FIBRA OPTICA">
						<value>SI</value>
					</Data>
					<Data name="TELEVISION">
						<value>SI</value>
					</Data>
					<Data name="TELEFONIA">
						<value>SI</value>
					</Data>
				</ExtendedData>
				<Point>
					<coordinates>-74.5819754,6.187490699999999,0</coordinates>
				</Point>
			</Placemark>
			<Placemark id="BFFD5F3AE33C1A63F85C">
				<name>PF7</name>
				<description><![CDATA[DISTANCIA POSTE A POSTE METROS: 8<br>ALTURA: 10<br>DIRECCION: carrera 3 con 50<br>LONGITUDE: -74.58189581<br>LATITUDE: 6.187962722<br>TIPO DE TENSION: alta<br># TRANSFORMADOR: 435982<br>SECUNDARIA: si<br>FIBRA OPTICA: si<br>TELEVISION: si<br>TELEFONIA: no]]></description>
				<styleUrl>#icon-1899-0288D1</styleUrl>
				<ExtendedData>
					<Data name="DISTANCIA POSTE A POSTE METROS">
						<value>8.0</value>
					</Data>
					<Data name="ALTURA">
						<value>10.0</value>
					</Data>
					<Data name="DIRECCION">
						<value>carrera 3 con 50</value>
					</Data>
					<Data name="LONGITUDE">
						<value>-74.58189581</value>
					</Data>
					<Data name="LATITUDE">
						<value>6.187962722</value>
					</Data>
					<Data name="TIPO DE TENSION">
						<value>alta</value>
					</Data>
					<Data name="# TRANSFORMADOR">
						<value>435982</value>
					</Data>
					<Data name="SECUNDARIA">
						<value>si</value>
					</Data>
					<Data name="FIBRA OPTICA">
						<value>si</value>
					</Data>
					<Data name="TELEVISION">
						<value>si</value>
					</Data>
					<Data name="TELEFONIA">
						<value>no</value>
					</Data>
				</ExtendedData>
				<Point>
					<coordinates>-74.58189581000001,6.187962721999999,0</coordinates>
				</Point>
			</Placemark>
			<Placemark id="C9FB3758073C1A63F85C">
				<name>SIES</name>
				<description><![CDATA[DISTANCIA POSTE A POSTE METROS: <br>ALTURA: <br>DIRECCION: <br>LONGITUDE: -74.58188239<br>LATITUDE: 6.188032056<br>TIPO DE TENSION: <br># TRANSFORMADOR: <br>SECUNDARIA: <br>FIBRA OPTICA: <br>TELEVISION: <br>TELEFONIA:]]></description>
				<styleUrl>#msn_grn-pushpin</styleUrl>
				<ExtendedData>
					<Data name="DISTANCIA POSTE A POSTE METROS">
					</Data>
					<Data name="ALTURA">
					</Data>
					<Data name="DIRECCION">
					</Data>
					<Data name="LONGITUDE">
						<value>-74.58188239</value>
					</Data>
					<Data name="LATITUDE">
						<value>6.188032056</value>
					</Data>
					<Data name="TIPO DE TENSION">
					</Data>
					<Data name="# TRANSFORMADOR">
					</Data>
					<Data name="SECUNDARIA">
					</Data>
					<Data name="FIBRA OPTICA">
					</Data>
					<Data name="TELEVISION">
					</Data>
					<Data name="TELEFONIA">
					</Data>
				</ExtendedData>
				<Point>
					<coordinates>-74.58188239,6.188032055999999,0</coordinates>
				</Point>
			</Placemark>
			<Placemark id="DE31AD681C3C1A63F85C">
				<name>PF33</name>
				<description><![CDATA[DISTANCIA POSTE A POSTE METROS: <br>ALTURA: <br>DIRECCION: carrera 5 con 47<br>LONGITUDE: -74.583427<br>LATITUDE: 6.185910111<br>TIPO DE TENSION: <br># TRANSFORMADOR: <br>SECUNDARIA: <br>FIBRA OPTICA: <br>TELEVISION: <br>TELEFONIA:]]></description>
				<styleUrl>#icon-1899-0288D1</styleUrl>
				<ExtendedData>
					<Data name="DISTANCIA POSTE A POSTE METROS">
					</Data>
					<Data name="ALTURA">
					</Data>
					<Data name="DIRECCION">
						<value>carrera 5 con 47</value>
					</Data>
					<Data name="LONGITUDE">
						<value>-74.583427</value>
					</Data>
					<Data name="LATITUDE">
						<value>6.185910111</value>
					</Data>
					<Data name="TIPO DE TENSION">
					</Data>
					<Data name="# TRANSFORMADOR">
					</Data>
					<Data name="SECUNDARIA">
					</Data>
					<Data name="FIBRA OPTICA">
					</Data>
					<Data name="TELEVISION">
					</Data>
					<Data name="TELEFONIA">
					</Data>
				</ExtendedData>
				<Point>
					<coordinates>-74.583427,6.185910111,0</coordinates>
				</Point>
			</Placemark>
			<Placemark id="E381989A133C1A63F85C">
				<name>PF3</name>
				<description><![CDATA[DISTANCIA POSTE A POSTE METROS: 8.1<br>ALTURA: 12<br>DIRECCION: carrera 5 con 47<br>LONGITUDE: -74.58344311<br>LATITUDE: 6.185952778<br>TIPO DE TENSION: alta<br># TRANSFORMADOR: no<br>SECUNDARIA: si<br>FIBRA OPTICA: si<br>TELEVISION: si<br>TELEFONIA: si]]></description>
				<styleUrl>#icon-1899-0288D1</styleUrl>
				<ExtendedData>
					<Data name="DISTANCIA POSTE A POSTE METROS">
						<value>8.1</value>
					</Data>
					<Data name="ALTURA">
						<value>12.0</value>
					</Data>
					<Data name="DIRECCION">
						<value>carrera 5 con 47</value>
					</Data>
					<Data name="LONGITUDE">
						<value>-74.58344311</value>
					</Data>
					<Data name="LATITUDE">
						<value>6.185952778</value>
					</Data>
					<Data name="TIPO DE TENSION">
						<value>alta</value>
					</Data>
					<Data name="# TRANSFORMADOR">
						<value>no</value>
					</Data>
					<Data name="SECUNDARIA">
						<value>si</value>
					</Data>
					<Data name="FIBRA OPTICA">
						<value>si</value>
					</Data>
					<Data name="TELEVISION">
						<value>si</value>
					</Data>
					<Data name="TELEFONIA">
						<value>si</value>
					</Data>
				</ExtendedData>
				<Point>
					<coordinates>-74.58344311,6.185952778000001,0</coordinates>
				</Point>
			</Placemark>
			<Placemark id="FB0483E1F23C1A63F85C">
				<name>PF6</name>
				<description><![CDATA[DISTANCIA POSTE A POSTE METROS: 36.5<br>ALTURA: 12<br>DIRECCION: carrera 5 con 47<br>LONGITUDE: -74.58343136<br>LATITUDE: 6.186015111<br>TIPO DE TENSION: alta<br># TRANSFORMADOR: no<br>SECUNDARIA: si<br>FIBRA OPTICA: si<br>TELEVISION: si<br>TELEFONIA: si]]></description>
				<styleUrl>#icon-1899-0288D1</styleUrl>
				<ExtendedData>
					<Data name="DISTANCIA POSTE A POSTE METROS">
						<value>36.5</value>
					</Data>
					<Data name="ALTURA">
						<value>12.0</value>
					</Data>
					<Data name="DIRECCION">
						<value>carrera 5 con 47</value>
					</Data>
					<Data name="LONGITUDE">
						<value>-74.58343136</value>
					</Data>
					<Data name="LATITUDE">
						<value>6.186015111</value>
					</Data>
					<Data name="TIPO DE TENSION">
						<value>alta</value>
					</Data>
					<Data name="# TRANSFORMADOR">
						<value>no</value>
					</Data>
					<Data name="SECUNDARIA">
						<value>si</value>
					</Data>
					<Data name="FIBRA OPTICA">
						<value>si</value>
					</Data>
					<Data name="TELEVISION">
						<value>si</value>
					</Data>
					<Data name="TELEFONIA">
						<value>si</value>
					</Data>
				</ExtendedData>
				<Point>
					<coordinates>-74.58343136000001,6.186015111,0</coordinates>
				</Point>
			</Placemark>
			<Placemark id="1003B8771BC3C1A63F85C">
				<name>PF50</name>
				<description><![CDATA[DISTANCIA POSTE A POSTE METROS: 35.4<br>ALTURA: 12<br>DIRECCION: carrera 5 con 48<br>LONGITUDE: -74.58339347<br>LATITUDE: 6.186313778<br>TIPO DE TENSION: alta<br># TRANSFORMADOR: no<br>SECUNDARIA: si<br>FIBRA OPTICA: si<br>TELEVISION: si<br>TELEFONIA: si]]></description>
				<styleUrl>#icon-1899-0288D1</styleUrl>
				<ExtendedData>
					<Data name="DISTANCIA POSTE A POSTE METROS">
						<value>35.4</value>
					</Data>
					<Data name="ALTURA">
						<value>12.0</value>
					</Data>
					<Data name="DIRECCION">
						<value>carrera 5 con 48</value>
					</Data>
					<Data name="LONGITUDE">
						<value>-74.58339347</value>
					</Data>
					<Data name="LATITUDE">
						<value>6.186313778</value>
					</Data>
					<Data name="TIPO DE TENSION">
						<value>alta</value>
					</Data>
					<Data name="# TRANSFORMADOR">
						<value>no</value>
					</Data>
					<Data name="SECUNDARIA">
						<value>si</value>
					</Data>
					<Data name="FIBRA OPTICA">
						<value>si</value>
					</Data>
					<Data name="TELEVISION">
						<value>si</value>
					</Data>
					<Data name="TELEFONIA">
						<value>si</value>
					</Data>
				</ExtendedData>
				<Point>
					<coordinates>-74.58339347,6.186313778,0</coordinates>
				</Point>
			</Placemark>
			<Placemark id="1106EB944603C1A63F85C">
				<name>PF49</name>
				<description><![CDATA[DISTANCIA POSTE A POSTE METROS: 31.5<br>ALTURA: 12<br>DIRECCION: carrera 5 con 48<br>LONGITUDE: -74.58334822<br>LATITUDE: 6.186642083<br>TIPO DE TENSION: alta<br># TRANSFORMADOR: no<br>SECUNDARIA: si<br>FIBRA OPTICA: si<br>TELEVISION: si<br>TELEFONIA: si]]></description>
				<styleUrl>#icon-1899-0288D1</styleUrl>
				<ExtendedData>
					<Data name="DISTANCIA POSTE A POSTE METROS">
						<value>31.5</value>
					</Data>
					<Data name="ALTURA">
						<value>12.0</value>
					</Data>
					<Data name="DIRECCION">
						<value>carrera 5 con 48</value>
					</Data>
					<Data name="LONGITUDE">
						<value>-74.58334822</value>
					</Data>
					<Data name="LATITUDE">
						<value>6.186642083</value>
					</Data>
					<Data name="TIPO DE TENSION">
						<value>alta</value>
					</Data>
					<Data name="# TRANSFORMADOR">
						<value>no</value>
					</Data>
					<Data name="SECUNDARIA">
						<value>si</value>
					</Data>
					<Data name="FIBRA OPTICA">
						<value>si</value>
					</Data>
					<Data name="TELEVISION">
						<value>si</value>
					</Data>
					<Data name="TELEFONIA">
						<value>si</value>
					</Data>
				</ExtendedData>
				<Point>
					<coordinates>-74.58334822,6.186642083,0</coordinates>
				</Point>
			</Placemark>
			<Placemark id="127845A3F273C1A63F85C">
				<name>PF48</name>
				<description><![CDATA[DISTANCIA POSTE A POSTE METROS: 31.2<br>ALTURA: 8<br>DIRECCION: carrera 5 con 48<br>LONGITUDE: -74.58330664<br>LATITUDE: 6.186899417<br>TIPO DE TENSION: media<br># TRANSFORMADOR: no<br>SECUNDARIA: no<br>FIBRA OPTICA: si<br>TELEVISION: si<br>TELEFONIA: si]]></description>
				<styleUrl>#icon-1899-0288D1</styleUrl>
				<ExtendedData>
					<Data name="DISTANCIA POSTE A POSTE METROS">
						<value>31.2</value>
					</Data>
					<Data name="ALTURA">
						<value>8.0</value>
					</Data>
					<Data name="DIRECCION">
						<value>carrera 5 con 48</value>
					</Data>
					<Data name="LONGITUDE">
						<value>-74.58330664</value>
					</Data>
					<Data name="LATITUDE">
						<value>6.186899417</value>
					</Data>
					<Data name="TIPO DE TENSION">
						<value>media</value>
					</Data>
					<Data name="# TRANSFORMADOR">
						<value>no</value>
					</Data>
					<Data name="SECUNDARIA">
						<value>no</value>
					</Data>
					<Data name="FIBRA OPTICA">
						<value>si</value>
					</Data>
					<Data name="TELEVISION">
						<value>si</value>
					</Data>
					<Data name="TELEFONIA">
						<value>si</value>
					</Data>
				</ExtendedData>
				<Point>
					<coordinates>-74.58330664,6.186899417000001,0</coordinates>
				</Point>
			</Placemark>
			<Placemark id="139EE0246B13C1A63F85C">
				<name>PF47</name>
				<description><![CDATA[DISTANCIA POSTE A POSTE METROS: 30<br>ALTURA: 12<br>DIRECCION: carrera 5 con 49<br>LONGITUDE: -74.58324025<br>LATITUDE: 6.187227083<br>TIPO DE TENSION: alta<br># TRANSFORMADOR: 18721<br>SECUNDARIA: si<br>FIBRA OPTICA: si<br>TELEVISION: si<br>TELEFONIA: si]]></description>
				<styleUrl>#icon-1899-0288D1</styleUrl>
				<ExtendedData>
					<Data name="DISTANCIA POSTE A POSTE METROS">
						<value>30.0</value>
					</Data>
					<Data name="ALTURA">
						<value>12.0</value>
					</Data>
					<Data name="DIRECCION">
						<value>carrera 5 con 49</value>
					</Data>
					<Data name="LONGITUDE">
						<value>-74.58324025</value>
					</Data>
					<Data name="LATITUDE">
						<value>6.187227083</value>
					</Data>
					<Data name="TIPO DE TENSION">
						<value>alta</value>
					</Data>
					<Data name="# TRANSFORMADOR">
						<value>18721</value>
					</Data>
					<Data name="SECUNDARIA">
						<value>si</value>
					</Data>
					<Data name="FIBRA OPTICA">
						<value>si</value>
					</Data>
					<Data name="TELEVISION">
						<value>si</value>
					</Data>
					<Data name="TELEFONIA">
						<value>si</value>
					</Data>
				</ExtendedData>
				<Point>
					<coordinates>-74.58324025,6.187227083,0</coordinates>
				</Point>
			</Placemark>
			<Placemark id="14541E2CE963C1A63F85C">
				<name>PF2</name>
				<description><![CDATA[DISTANCIA POSTE A POSTE METROS: 36.5<br>ALTURA: 8<br>DIRECCION: carrera 5 con 49<br>LONGITUDE: -74.58319936<br>LATITUDE: 6.187454083<br>TIPO DE TENSION: media<br># TRANSFORMADOR: no<br>SECUNDARIA: si<br>FIBRA OPTICA: si<br>TELEVISION: si<br>TELEFONIA: si]]></description>
				<styleUrl>#icon-1899-0288D1</styleUrl>
				<ExtendedData>
					<Data name="DISTANCIA POSTE A POSTE METROS">
						<value>36.5</value>
					</Data>
					<Data name="ALTURA">
						<value>8.0</value>
					</Data>
					<Data name="DIRECCION">
						<value>carrera 5 con 49</value>
					</Data>
					<Data name="LONGITUDE">
						<value>-74.58319936</value>
					</Data>
					<Data name="LATITUDE">
						<value>6.187454083</value>
					</Data>
					<Data name="TIPO DE TENSION">
						<value>media</value>
					</Data>
					<Data name="# TRANSFORMADOR">
						<value>no</value>
					</Data>
					<Data name="SECUNDARIA">
						<value>si</value>
					</Data>
					<Data name="FIBRA OPTICA">
						<value>si</value>
					</Data>
					<Data name="TELEVISION">
						<value>si</value>
					</Data>
					<Data name="TELEFONIA">
						<value>si</value>
					</Data>
				</ExtendedData>
				<Point>
					<coordinates>-74.58319935999999,6.187454083,0</coordinates>
				</Point>
			</Placemark>
			<Placemark id="1528EA1A8053C1A63F85C">
				<name>PF44</name>
				<description><![CDATA[DISTANCIA POSTE A POSTE METROS: 37.8<br>ALTURA: 8<br>DIRECCION: calle 49 con 5<br>LONGITUDE: -74.582885<br>LATITUDE: 6.187429<br>TIPO DE TENSION: media<br># TRANSFORMADOR: no<br>SECUNDARIA: si<br>FIBRA OPTICA: si<br>TELEVISION: si<br>TELEFONIA: si]]></description>
				<styleUrl>#icon-1899-0288D1</styleUrl>
				<ExtendedData>
					<Data name="DISTANCIA POSTE A POSTE METROS">
						<value>37.8</value>
					</Data>
					<Data name="ALTURA">
						<value>8.0</value>
					</Data>
					<Data name="DIRECCION">
						<value>calle 49 con 5</value>
					</Data>
					<Data name="LONGITUDE">
						<value>-74.582885</value>
					</Data>
					<Data name="LATITUDE">
						<value>6.187429</value>
					</Data>
					<Data name="TIPO DE TENSION">
						<value>media</value>
					</Data>
					<Data name="# TRANSFORMADOR">
						<value>no</value>
					</Data>
					<Data name="SECUNDARIA">
						<value>si</value>
					</Data>
					<Data name="FIBRA OPTICA">
						<value>si</value>
					</Data>
					<Data name="TELEVISION">
						<value>si</value>
					</Data>
					<Data name="TELEFONIA">
						<value>si</value>
					</Data>
				</ExtendedData>
				<Point>
					<coordinates>-74.582885,6.187429,0</coordinates>
				</Point>
			</Placemark>
			<Placemark id="16F038B686C3C1A63F85C">
				<name>PF43</name>
				<description><![CDATA[DISTANCIA POSTE A POSTE METROS: 13.5<br>ALTURA: 8<br>DIRECCION: calle 49 con 4<br>LONGITUDE: -74.582565<br>LATITUDE: 6.187382<br>TIPO DE TENSION: media<br># TRANSFORMADOR: no<br>SECUNDARIA: si<br>FIBRA OPTICA: si<br>TELEVISION: si<br>TELEFONIA: s.]]></description>
				<styleUrl>#__managed_style_06216AB43E3D83034134</styleUrl>
				<ExtendedData>
					<Data name="DISTANCIA POSTE A POSTE METROS">
						<value>13.5</value>
					</Data>
					<Data name="ALTURA">
						<value>8.0</value>
					</Data>
					<Data name="DIRECCION">
						<value>calle 49 con 4</value>
					</Data>
					<Data name="LONGITUDE">
						<value>-74.582565</value>
					</Data>
					<Data name="LATITUDE">
						<value>6.187382</value>
					</Data>
					<Data name="TIPO DE TENSION">
						<value>media</value>
					</Data>
					<Data name="# TRANSFORMADOR">
						<value>no</value>
					</Data>
					<Data name="SECUNDARIA">
						<value>si</value>
					</Data>
					<Data name="FIBRA OPTICA">
						<value>si</value>
					</Data>
					<Data name="TELEVISION">
						<value>si</value>
					</Data>
					<Data name="TELEFONIA">
						<value>s.</value>
					</Data>
				</ExtendedData>
				<Point>
					<coordinates>-74.582565,6.187382,0</coordinates>
				</Point>
			</Placemark>
			<Placemark id="1758EC561DE3C1A63F85C">
				<name>PF42</name>
				<description><![CDATA[DISTANCIA POSTE A POSTE METROS: 42<br>ALTURA: 8<br>DIRECCION: calle 49 con 4<br>LONGITUDE: -74.582472<br>LATITUDE: 6.187370<br>TIPO DE TENSION: media<br># TRANSFORMADOR: no<br>SECUNDARIA: si<br>FIBRA OPTICA: si<br>TELEVISION: si<br>TELEFONIA: si]]></description>
				<styleUrl>#icon-1899-0288D1</styleUrl>
				<ExtendedData>
					<Data name="DISTANCIA POSTE A POSTE METROS">
						<value>42.0</value>
					</Data>
					<Data name="ALTURA">
						<value>8.0</value>
					</Data>
					<Data name="DIRECCION">
						<value>calle 49 con 4</value>
					</Data>
					<Data name="LONGITUDE">
						<value>-74.582472</value>
					</Data>
					<Data name="LATITUDE">
						<value>6.187370</value>
					</Data>
					<Data name="TIPO DE TENSION">
						<value>media</value>
					</Data>
					<Data name="# TRANSFORMADOR">
						<value>no</value>
					</Data>
					<Data name="SECUNDARIA">
						<value>si</value>
					</Data>
					<Data name="FIBRA OPTICA">
						<value>si</value>
					</Data>
					<Data name="TELEVISION">
						<value>si</value>
					</Data>
					<Data name="TELEFONIA">
						<value>si</value>
					</Data>
				</ExtendedData>
				<Point>
					<coordinates>-74.582472,6.18737,0</coordinates>
				</Point>
			</Placemark>
			<Placemark id="18C2A9B86373C1A63F85C">
				<name>PF41</name>
				<description><![CDATA[DISTANCIA POSTE A POSTE METROS: 15<br>ALTURA: 8<br>DIRECCION: calle 49 con 4<br>LONGITUDE: -74.582025<br>LATITUDE: 6.187316<br>TIPO DE TENSION: media<br># TRANSFORMADOR: no<br>SECUNDARIA: si<br>FIBRA OPTICA: si<br>TELEVISION: si<br>TELEFONIA: si]]></description>
				<styleUrl>#icon-1899-0288D1</styleUrl>
				<ExtendedData>
					<Data name="DISTANCIA POSTE A POSTE METROS">
						<value>15.0</value>
					</Data>
					<Data name="ALTURA">
						<value>8.0</value>
					</Data>
					<Data name="DIRECCION">
						<value>calle 49 con 4</value>
					</Data>
					<Data name="LONGITUDE">
						<value>-74.582025</value>
					</Data>
					<Data name="LATITUDE">
						<value>6.187316</value>
					</Data>
					<Data name="TIPO DE TENSION">
						<value>media</value>
					</Data>
					<Data name="# TRANSFORMADOR">
						<value>no</value>
					</Data>
					<Data name="SECUNDARIA">
						<value>si</value>
					</Data>
					<Data name="FIBRA OPTICA">
						<value>si</value>
					</Data>
					<Data name="TELEVISION">
						<value>si</value>
					</Data>
					<Data name="TELEFONIA">
						<value>si</value>
					</Data>
				</ExtendedData>
				<Point>
					<coordinates>-74.582025,6.187316,0</coordinates>
				</Point>
			</Placemark>
			<Placemark id="19D8189274E3C1A63F85C">
				<name>53</name>
				<description><![CDATA[DISTANCIA POSTE A POSTE METROS: <br>ALTURA: <br>DIRECCION: <br>LONGITUDE: -74.5814288<br>LATITUDE: 6.1877041<br>TIPO DE TENSION: <br># TRANSFORMADOR: <br>SECUNDARIA: <br>FIBRA OPTICA: <br>TELEVISION: <br>TELEFONIA:]]></description>
				<styleUrl>#icon-1899-0288D1</styleUrl>
				<ExtendedData>
					<Data name="DISTANCIA POSTE A POSTE METROS">
					</Data>
					<Data name="ALTURA">
					</Data>
					<Data name="DIRECCION">
					</Data>
					<Data name="LONGITUDE">
						<value>-74.5814288</value>
					</Data>
					<Data name="LATITUDE">
						<value>6.1877041</value>
					</Data>
					<Data name="TIPO DE TENSION">
					</Data>
					<Data name="# TRANSFORMADOR">
					</Data>
					<Data name="SECUNDARIA">
					</Data>
					<Data name="FIBRA OPTICA">
					</Data>
					<Data name="TELEVISION">
					</Data>
					<Data name="TELEFONIA">
					</Data>
				</ExtendedData>
				<Point>
					<coordinates>-74.5814288,6.1877041,0</coordinates>
				</Point>
			</Placemark>
			<Placemark id="1A39056DB273C1A63F85C">
				<name>PF5</name>
				<description><![CDATA[DISTANCIA POSTE A POSTE METROS: 13.8<br>ALTURA: 8<br>DIRECCION: carrera 3 via al oarque<br>LONGITUDE: -74.56883244<br>LATITUDE: 6.224743278<br>TIPO DE TENSION: media<br># TRANSFORMADOR: no<br>SECUNDARIA: si<br>FIBRA OPTICA: si<br>TELEVISION: si<br>TELEFONIA: si]]></description>
				<styleUrl>#icon-1899-0288D1</styleUrl>
				<ExtendedData>
					<Data name="DISTANCIA POSTE A POSTE METROS">
						<value>13.8</value>
					</Data>
					<Data name="ALTURA">
						<value>8.0</value>
					</Data>
					<Data name="DIRECCION">
						<value>carrera 3 via al oarque</value>
					</Data>
					<Data name="LONGITUDE">
						<value>-74.56883244</value>
					</Data>
					<Data name="LATITUDE">
						<value>6.224743278</value>
					</Data>
					<Data name="TIPO DE TENSION">
						<value>media</value>
					</Data>
					<Data name="# TRANSFORMADOR">
						<value>no</value>
					</Data>
					<Data name="SECUNDARIA">
						<value>si</value>
					</Data>
					<Data name="FIBRA OPTICA">
						<value>si</value>
					</Data>
					<Data name="TELEVISION">
						<value>si</value>
					</Data>
					<Data name="TELEFONIA">
						<value>si</value>
					</Data>
				</ExtendedData>
				<Point>
					<coordinates>-74.56883243999999,6.224743278000001,0</coordinates>
				</Point>
			</Placemark>
			<Placemark id="1BCB5C5AC173C1A63F85C">
				<name>PF40</name>
				<description><![CDATA[DISTANCIA POSTE A POSTE METROS: 17.8<br>ALTURA: 10<br>DIRECCION: carrera 5 con 47<br>LONGITUDE: -74.56872081<br>LATITUDE: 6.224832917<br>TIPO DE TENSION: alta<br># TRANSFORMADOR: 48894<br>SECUNDARIA: si<br>FIBRA OPTICA: si<br>TELEVISION: si<br>TELEFONIA: si]]></description>
				<styleUrl>#icon-1899-0288D1</styleUrl>
				<ExtendedData>
					<Data name="DISTANCIA POSTE A POSTE METROS">
						<value>17.8</value>
					</Data>
					<Data name="ALTURA">
						<value>10.0</value>
					</Data>
					<Data name="DIRECCION">
						<value>carrera 5 con 47</value>
					</Data>
					<Data name="LONGITUDE">
						<value>-74.56872081</value>
					</Data>
					<Data name="LATITUDE">
						<value>6.224832917</value>
					</Data>
					<Data name="TIPO DE TENSION">
						<value>alta</value>
					</Data>
					<Data name="# TRANSFORMADOR">
						<value>48894</value>
					</Data>
					<Data name="SECUNDARIA">
						<value>si</value>
					</Data>
					<Data name="FIBRA OPTICA">
						<value>si</value>
					</Data>
					<Data name="TELEVISION">
						<value>si</value>
					</Data>
					<Data name="TELEFONIA">
						<value>si</value>
					</Data>
				</ExtendedData>
				<Point>
					<coordinates>-74.56872081,6.224832917,0</coordinates>
				</Point>
			</Placemark>
			<Placemark id="1CFF7C2059E3C1A63F85C">
				<name>PF38</name>
				<description><![CDATA[DISTANCIA POSTE A POSTE METROS: 20.4<br>ALTURA: 8<br>DIRECCION: carrera 5 con 47<br>LONGITUDE: -74.56860814<br>LATITUDE: 6.224709944<br>TIPO DE TENSION: media<br># TRANSFORMADOR: no<br>SECUNDARIA: si<br>FIBRA OPTICA: si<br>TELEVISION: si<br>TELEFONIA: si]]></description>
				<styleUrl>#icon-1899-0288D1</styleUrl>
				<ExtendedData>
					<Data name="DISTANCIA POSTE A POSTE METROS">
						<value>20.4</value>
					</Data>
					<Data name="ALTURA">
						<value>8.0</value>
					</Data>
					<Data name="DIRECCION">
						<value>carrera 5 con 47</value>
					</Data>
					<Data name="LONGITUDE">
						<value>-74.56860814</value>
					</Data>
					<Data name="LATITUDE">
						<value>6.224709944</value>
					</Data>
					<Data name="TIPO DE TENSION">
						<value>media</value>
					</Data>
					<Data name="# TRANSFORMADOR">
						<value>no</value>
					</Data>
					<Data name="SECUNDARIA">
						<value>si</value>
					</Data>
					<Data name="FIBRA OPTICA">
						<value>si</value>
					</Data>
					<Data name="TELEVISION">
						<value>si</value>
					</Data>
					<Data name="TELEFONIA">
						<value>si</value>
					</Data>
				</ExtendedData>
				<Point>
					<coordinates>-74.56860813999999,6.224709944000001,0</coordinates>
				</Point>
			</Placemark>
			<Placemark id="1D9A70209853C1A63F85C">
				<name>PF39</name>
				<description><![CDATA[DISTANCIA POSTE A POSTE METROS: 24.4<br>ALTURA: 10<br>DIRECCION: carrera 5 con 47<br>LONGITUDE: -74.56844319<br>LATITUDE: 6.224682611<br>TIPO DE TENSION: alta<br># TRANSFORMADOR: 188029<br>SECUNDARIA: si<br>FIBRA OPTICA: si<br>TELEVISION: si<br>TELEFONIA: si]]></description>
				<styleUrl>#icon-1899-0288D1</styleUrl>
				<ExtendedData>
					<Data name="DISTANCIA POSTE A POSTE METROS">
						<value>24.4</value>
					</Data>
					<Data name="ALTURA">
						<value>10.0</value>
					</Data>
					<Data name="DIRECCION">
						<value>carrera 5 con 47</value>
					</Data>
					<Data name="LONGITUDE">
						<value>-74.56844319</value>
					</Data>
					<Data name="LATITUDE">
						<value>6.224682611</value>
					</Data>
					<Data name="TIPO DE TENSION">
						<value>alta</value>
					</Data>
					<Data name="# TRANSFORMADOR">
						<value>188029</value>
					</Data>
					<Data name="SECUNDARIA">
						<value>si</value>
					</Data>
					<Data name="FIBRA OPTICA">
						<value>si</value>
					</Data>
					<Data name="TELEVISION">
						<value>si</value>
					</Data>
					<Data name="TELEFONIA">
						<value>si</value>
					</Data>
				</ExtendedData>
				<Point>
					<coordinates>-74.56844319,6.224682611,0</coordinates>
				</Point>
			</Placemark>
			<Placemark id="1EFBD0856953C1A63F85C">
				<name>PF37</name>
				<description><![CDATA[DISTANCIA POSTE A POSTE METROS: 20.8<br>ALTURA: 8<br>DIRECCION: carrera 5 con 47<br>LONGITUDE: -74.56834864<br>LATITUDE: 6.224768583<br>TIPO DE TENSION: media<br># TRANSFORMADOR: no<br>SECUNDARIA: si<br>FIBRA OPTICA: si<br>TELEVISION: si<br>TELEFONIA: si]]></description>
				<styleUrl>#icon-1899-0288D1</styleUrl>
				<ExtendedData>
					<Data name="DISTANCIA POSTE A POSTE METROS">
						<value>20.8</value>
					</Data>
					<Data name="ALTURA">
						<value>8.0</value>
					</Data>
					<Data name="DIRECCION">
						<value>carrera 5 con 47</value>
					</Data>
					<Data name="LONGITUDE">
						<value>-74.56834864</value>
					</Data>
					<Data name="LATITUDE">
						<value>6.224768583</value>
					</Data>
					<Data name="TIPO DE TENSION">
						<value>media</value>
					</Data>
					<Data name="# TRANSFORMADOR">
						<value>no</value>
					</Data>
					<Data name="SECUNDARIA">
						<value>si</value>
					</Data>
					<Data name="FIBRA OPTICA">
						<value>si</value>
					</Data>
					<Data name="TELEVISION">
						<value>si</value>
					</Data>
					<Data name="TELEFONIA">
						<value>si</value>
					</Data>
				</ExtendedData>
				<Point>
					<coordinates>-74.56834864,6.224768582999999,0</coordinates>
				</Point>
			</Placemark>
			<Placemark id="1F7063C95893C1A63F85C">
				<name>PF36</name>
				<description><![CDATA[DISTANCIA POSTE A POSTE METROS: 6<br>ALTURA: 8<br>DIRECCION: carrera 5 con 47<br>LONGITUDE: -74.56819675<br>LATITUDE: 6.224930583<br>TIPO DE TENSION: media<br># TRANSFORMADOR: no<br>SECUNDARIA: si<br>FIBRA OPTICA: si<br>TELEVISION: si<br>TELEFONIA: si]]></description>
				<styleUrl>#icon-1899-0288D1</styleUrl>
				<ExtendedData>
					<Data name="DISTANCIA POSTE A POSTE METROS">
						<value>6.0</value>
					</Data>
					<Data name="ALTURA">
						<value>8.0</value>
					</Data>
					<Data name="DIRECCION">
						<value>carrera 5 con 47</value>
					</Data>
					<Data name="LONGITUDE">
						<value>-74.56819675</value>
					</Data>
					<Data name="LATITUDE">
						<value>6.224930583</value>
					</Data>
					<Data name="TIPO DE TENSION">
						<value>media</value>
					</Data>
					<Data name="# TRANSFORMADOR">
						<value>no</value>
					</Data>
					<Data name="SECUNDARIA">
						<value>si</value>
					</Data>
					<Data name="FIBRA OPTICA">
						<value>si</value>
					</Data>
					<Data name="TELEVISION">
						<value>si</value>
					</Data>
					<Data name="TELEFONIA">
						<value>si</value>
					</Data>
				</ExtendedData>
				<Point>
					<coordinates>-74.56819675,6.224930582999999,0</coordinates>
				</Point>
			</Placemark>
			<Placemark id="202378949253C1A63F85C">
				<name>PF8</name>
				<description><![CDATA[DISTANCIA POSTE A POSTE METROS: 33.8<br>ALTURA: 8<br>DIRECCION: vía la sierra - CIC<br>LONGITUDE: -74.56404706<br>LATITUDE: 6.230379333<br>TIPO DE TENSION: baja<br># TRANSFORMADOR: no<br>SECUNDARIA: no<br>FIBRA OPTICA: si<br>TELEVISION: si<br>TELEFONIA: si]]></description>
				<styleUrl>#icon-1899-0288D1</styleUrl>
				<ExtendedData>
					<Data name="DISTANCIA POSTE A POSTE METROS">
						<value>33.8</value>
					</Data>
					<Data name="ALTURA">
						<value>8.0</value>
					</Data>
					<Data name="DIRECCION">
						<value>vía la sierra - CIC</value>
					</Data>
					<Data name="LONGITUDE">
						<value>-74.56404706</value>
					</Data>
					<Data name="LATITUDE">
						<value>6.230379333</value>
					</Data>
					<Data name="TIPO DE TENSION">
						<value>baja</value>
					</Data>
					<Data name="# TRANSFORMADOR">
						<value>no</value>
					</Data>
					<Data name="SECUNDARIA">
						<value>no</value>
					</Data>
					<Data name="FIBRA OPTICA">
						<value>si</value>
					</Data>
					<Data name="TELEVISION">
						<value>si</value>
					</Data>
					<Data name="TELEFONIA">
						<value>si</value>
					</Data>
				</ExtendedData>
				<Point>
					<coordinates>-74.56404705999999,6.230379333,0</coordinates>
				</Point>
			</Placemark>
			<Placemark id="212A8E1C5AD3C1A63F85C">
				<name>PF9</name>
				<description><![CDATA[DISTANCIA POSTE A POSTE METROS: 24.7<br>ALTURA: 12<br>DIRECCION: vía la sierra - CIC<br>LONGITUDE: -74.56432633<br>LATITUDE: 6.230343333<br>TIPO DE TENSION: alta<br># TRANSFORMADOR: 188014<br>SECUNDARIA: si<br>FIBRA OPTICA: si<br>TELEVISION: si<br>TELEFONIA: si]]></description>
				<styleUrl>#icon-1899-0288D1</styleUrl>
				<ExtendedData>
					<Data name="DISTANCIA POSTE A POSTE METROS">
						<value>24.7</value>
					</Data>
					<Data name="ALTURA">
						<value>12.0</value>
					</Data>
					<Data name="DIRECCION">
						<value>vía la sierra - CIC</value>
					</Data>
					<Data name="LONGITUDE">
						<value>-74.56432633</value>
					</Data>
					<Data name="LATITUDE">
						<value>6.230343333</value>
					</Data>
					<Data name="TIPO DE TENSION">
						<value>alta</value>
					</Data>
					<Data name="# TRANSFORMADOR">
						<value>188014</value>
					</Data>
					<Data name="SECUNDARIA">
						<value>si</value>
					</Data>
					<Data name="FIBRA OPTICA">
						<value>si</value>
					</Data>
					<Data name="TELEVISION">
						<value>si</value>
					</Data>
					<Data name="TELEFONIA">
						<value>si</value>
					</Data>
				</ExtendedData>
				<Point>
					<coordinates>-74.56432633,6.230343333,0</coordinates>
				</Point>
			</Placemark>
			<Placemark id="225E26A6F093C1A63F85C">
				<name>PF10</name>
				<description><![CDATA[DISTANCIA POSTE A POSTE METROS: 38.4<br>ALTURA: 8<br>DIRECCION: vía la sierra - CIC<br>LONGITUDE: -74.56446178<br>LATITUDE: 6.230185694<br>TIPO DE TENSION: baja<br># TRANSFORMADOR: no<br>SECUNDARIA: si<br>FIBRA OPTICA: si<br>TELEVISION: si<br>TELEFONIA: si]]></description>
				<styleUrl>#icon-1899-0288D1</styleUrl>
				<ExtendedData>
					<Data name="DISTANCIA POSTE A POSTE METROS">
						<value>38.4</value>
					</Data>
					<Data name="ALTURA">
						<value>8.0</value>
					</Data>
					<Data name="DIRECCION">
						<value>vía la sierra - CIC</value>
					</Data>
					<Data name="LONGITUDE">
						<value>-74.56446178</value>
					</Data>
					<Data name="LATITUDE">
						<value>6.230185694</value>
					</Data>
					<Data name="TIPO DE TENSION">
						<value>baja</value>
					</Data>
					<Data name="# TRANSFORMADOR">
						<value>no</value>
					</Data>
					<Data name="SECUNDARIA">
						<value>si</value>
					</Data>
					<Data name="FIBRA OPTICA">
						<value>si</value>
					</Data>
					<Data name="TELEVISION">
						<value>si</value>
					</Data>
					<Data name="TELEFONIA">
						<value>si</value>
					</Data>
				</ExtendedData>
				<Point>
					<coordinates>-74.56446178,6.230185694000001,0</coordinates>
				</Point>
			</Placemark>
			<Placemark id="23A5E706C423C1A63F85C">
				<name>PF11</name>
				<description><![CDATA[DISTANCIA POSTE A POSTE METROS: 51.7<br>ALTURA: 8<br>DIRECCION: vía la sierra - CIC<br>LONGITUDE: -74.56465089<br>LATITUDE: 6.229875389<br>TIPO DE TENSION: baja<br># TRANSFORMADOR: no<br>SECUNDARIA: si<br>FIBRA OPTICA: si<br>TELEVISION: si<br>TELEFONIA: si]]></description>
				<styleUrl>#icon-1899-0288D1</styleUrl>
				<ExtendedData>
					<Data name="DISTANCIA POSTE A POSTE METROS">
						<value>51.7</value>
					</Data>
					<Data name="ALTURA">
						<value>8.0</value>
					</Data>
					<Data name="DIRECCION">
						<value>vía la sierra - CIC</value>
					</Data>
					<Data name="LONGITUDE">
						<value>-74.56465089</value>
					</Data>
					<Data name="LATITUDE">
						<value>6.229875389</value>
					</Data>
					<Data name="TIPO DE TENSION">
						<value>baja</value>
					</Data>
					<Data name="# TRANSFORMADOR">
						<value>no</value>
					</Data>
					<Data name="SECUNDARIA">
						<value>si</value>
					</Data>
					<Data name="FIBRA OPTICA">
						<value>si</value>
					</Data>
					<Data name="TELEVISION">
						<value>si</value>
					</Data>
					<Data name="TELEFONIA">
						<value>si</value>
					</Data>
				</ExtendedData>
				<Point>
					<coordinates>-74.56465089,6.229875389000001,0</coordinates>
				</Point>
			</Placemark>
			<Placemark id="24D4C9F3F5C3C1A63F85C">
				<name>PF12</name>
				<description><![CDATA[DISTANCIA POSTE A POSTE METROS: 49.3<br>ALTURA: 8<br>DIRECCION: vía la sierra - CIC<br>LONGITUDE: -74.56491608<br>LATITUDE: 6.229507083<br>TIPO DE TENSION: baja<br># TRANSFORMADOR: no<br>SECUNDARIA: no<br>FIBRA OPTICA: no<br>TELEVISION: si<br>TELEFONIA: si]]></description>
				<styleUrl>#icon-1899-0288D1</styleUrl>
				<ExtendedData>
					<Data name="DISTANCIA POSTE A POSTE METROS">
						<value>49.3</value>
					</Data>
					<Data name="ALTURA">
						<value>8.0</value>
					</Data>
					<Data name="DIRECCION">
						<value>vía la sierra - CIC</value>
					</Data>
					<Data name="LONGITUDE">
						<value>-74.56491608</value>
					</Data>
					<Data name="LATITUDE">
						<value>6.229507083</value>
					</Data>
					<Data name="TIPO DE TENSION">
						<value>baja</value>
					</Data>
					<Data name="# TRANSFORMADOR">
						<value>no</value>
					</Data>
					<Data name="SECUNDARIA">
						<value>no</value>
					</Data>
					<Data name="FIBRA OPTICA">
						<value>no</value>
					</Data>
					<Data name="TELEVISION">
						<value>si</value>
					</Data>
					<Data name="TELEFONIA">
						<value>si</value>
					</Data>
				</ExtendedData>
				<Point>
					<coordinates>-74.56491608,6.229507083,0</coordinates>
				</Point>
			</Placemark>
			<Placemark id="25889B93CDB3C1A63F85C">
				<name>PF13</name>
				<description><![CDATA[DISTANCIA POSTE A POSTE METROS: 34.9<br>ALTURA: 8<br>DIRECCION: vía la sierra - CIC<br>LONGITUDE: -74.56517222<br>LATITUDE: 6.229161139<br>TIPO DE TENSION: media<br># TRANSFORMADOR: no<br>SECUNDARIA: si<br>FIBRA OPTICA: si<br>TELEVISION: si<br>TELEFONIA: si]]></description>
				<styleUrl>#icon-1899-0288D1</styleUrl>
				<ExtendedData>
					<Data name="DISTANCIA POSTE A POSTE METROS">
						<value>34.9</value>
					</Data>
					<Data name="ALTURA">
						<value>8.0</value>
					</Data>
					<Data name="DIRECCION">
						<value>vía la sierra - CIC</value>
					</Data>
					<Data name="LONGITUDE">
						<value>-74.56517222</value>
					</Data>
					<Data name="LATITUDE">
						<value>6.229161139</value>
					</Data>
					<Data name="TIPO DE TENSION">
						<value>media</value>
					</Data>
					<Data name="# TRANSFORMADOR">
						<value>no</value>
					</Data>
					<Data name="SECUNDARIA">
						<value>si</value>
					</Data>
					<Data name="FIBRA OPTICA">
						<value>si</value>
					</Data>
					<Data name="TELEVISION">
						<value>si</value>
					</Data>
					<Data name="TELEFONIA">
						<value>si</value>
					</Data>
				</ExtendedData>
				<Point>
					<coordinates>-74.56517221999999,6.229161139000001,0</coordinates>
				</Point>
			</Placemark>
			<Placemark id="265E7C3AB913C1A63F85C">
				<name>PF14</name>
				<description><![CDATA[DISTANCIA POSTE A POSTE METROS: 39.7<br>ALTURA: 8<br>DIRECCION: vía la sierra - CIC<br>LONGITUDE: -74.56536167<br>LATITUDE: 6.228912833<br>TIPO DE TENSION: media<br># TRANSFORMADOR: no<br>SECUNDARIA: si<br>FIBRA OPTICA: si<br>TELEVISION: si<br>TELEFONIA: si]]></description>
				<styleUrl>#icon-1899-0288D1</styleUrl>
				<ExtendedData>
					<Data name="DISTANCIA POSTE A POSTE METROS">
						<value>39.7</value>
					</Data>
					<Data name="ALTURA">
						<value>8.0</value>
					</Data>
					<Data name="DIRECCION">
						<value>vía la sierra - CIC</value>
					</Data>
					<Data name="LONGITUDE">
						<value>-74.56536167</value>
					</Data>
					<Data name="LATITUDE">
						<value>6.228912833</value>
					</Data>
					<Data name="TIPO DE TENSION">
						<value>media</value>
					</Data>
					<Data name="# TRANSFORMADOR">
						<value>no</value>
					</Data>
					<Data name="SECUNDARIA">
						<value>si</value>
					</Data>
					<Data name="FIBRA OPTICA">
						<value>si</value>
					</Data>
					<Data name="TELEVISION">
						<value>si</value>
					</Data>
					<Data name="TELEFONIA">
						<value>si</value>
					</Data>
				</ExtendedData>
				<Point>
					<coordinates>-74.56536167,6.228912833,0</coordinates>
				</Point>
			</Placemark>
			<Placemark id="276F643F2863C1A63F85C">
				<name>PF15</name>
				<description><![CDATA[DISTANCIA POSTE A POSTE METROS: 17.5<br>ALTURA: 8<br>DIRECCION: vía la sierra - CIC<br>LONGITUDE: -74.56558428<br>LATITUDE: 6.228601861<br>TIPO DE TENSION: media<br># TRANSFORMADOR: no<br>SECUNDARIA: si<br>FIBRA OPTICA: si<br>TELEVISION: si<br>TELEFONIA: si]]></description>
				<styleUrl>#icon-1899-0288D1</styleUrl>
				<ExtendedData>
					<Data name="DISTANCIA POSTE A POSTE METROS">
						<value>17.5</value>
					</Data>
					<Data name="ALTURA">
						<value>8.0</value>
					</Data>
					<Data name="DIRECCION">
						<value>vía la sierra - CIC</value>
					</Data>
					<Data name="LONGITUDE">
						<value>-74.56558428</value>
					</Data>
					<Data name="LATITUDE">
						<value>6.228601861</value>
					</Data>
					<Data name="TIPO DE TENSION">
						<value>media</value>
					</Data>
					<Data name="# TRANSFORMADOR">
						<value>no</value>
					</Data>
					<Data name="SECUNDARIA">
						<value>si</value>
					</Data>
					<Data name="FIBRA OPTICA">
						<value>si</value>
					</Data>
					<Data name="TELEVISION">
						<value>si</value>
					</Data>
					<Data name="TELEFONIA">
						<value>si</value>
					</Data>
				</ExtendedData>
				<Point>
					<coordinates>-74.56558428,6.228601860999999,0</coordinates>
				</Point>
			</Placemark>
			<Placemark id="28428FFD37D3C1A63F85C">
				<name>PF16</name>
				<description><![CDATA[DISTANCIA POSTE A POSTE METROS: 19<br>ALTURA: 8<br>DIRECCION: vía la sierra - CIC<br>LONGITUDE: -74.56569158<br>LATITUDE: 6.228445861<br>TIPO DE TENSION: media<br># TRANSFORMADOR: no<br>SECUNDARIA: si<br>FIBRA OPTICA: si<br>TELEVISION: si<br>TELEFONIA: si]]></description>
				<styleUrl>#icon-1899-0288D1</styleUrl>
				<ExtendedData>
					<Data name="DISTANCIA POSTE A POSTE METROS">
						<value>19.0</value>
					</Data>
					<Data name="ALTURA">
						<value>8.0</value>
					</Data>
					<Data name="DIRECCION">
						<value>vía la sierra - CIC</value>
					</Data>
					<Data name="LONGITUDE">
						<value>-74.56569158</value>
					</Data>
					<Data name="LATITUDE">
						<value>6.228445861</value>
					</Data>
					<Data name="TIPO DE TENSION">
						<value>media</value>
					</Data>
					<Data name="# TRANSFORMADOR">
						<value>no</value>
					</Data>
					<Data name="SECUNDARIA">
						<value>si</value>
					</Data>
					<Data name="FIBRA OPTICA">
						<value>si</value>
					</Data>
					<Data name="TELEVISION">
						<value>si</value>
					</Data>
					<Data name="TELEFONIA">
						<value>si</value>
					</Data>
				</ExtendedData>
				<Point>
					<coordinates>-74.56569158000001,6.228445861,0</coordinates>
				</Point>
			</Placemark>
			<Placemark id="29A01A6DBB83C1A63F85C">
				<name>PF17</name>
				<description><![CDATA[DISTANCIA POSTE A POSTE METROS: 34.9<br>ALTURA: 8<br>DIRECCION: vía la sierra - CIC<br>LONGITUDE: -74.56572008<br>LATITUDE: 6.228300889<br>TIPO DE TENSION: media<br># TRANSFORMADOR: no<br>SECUNDARIA: si<br>FIBRA OPTICA: si<br>TELEVISION: si<br>TELEFONIA: si]]></description>
				<styleUrl>#icon-1899-0288D1</styleUrl>
				<ExtendedData>
					<Data name="DISTANCIA POSTE A POSTE METROS">
						<value>34.9</value>
					</Data>
					<Data name="ALTURA">
						<value>8.0</value>
					</Data>
					<Data name="DIRECCION">
						<value>vía la sierra - CIC</value>
					</Data>
					<Data name="LONGITUDE">
						<value>-74.56572008</value>
					</Data>
					<Data name="LATITUDE">
						<value>6.228300889</value>
					</Data>
					<Data name="TIPO DE TENSION">
						<value>media</value>
					</Data>
					<Data name="# TRANSFORMADOR">
						<value>no</value>
					</Data>
					<Data name="SECUNDARIA">
						<value>si</value>
					</Data>
					<Data name="FIBRA OPTICA">
						<value>si</value>
					</Data>
					<Data name="TELEVISION">
						<value>si</value>
					</Data>
					<Data name="TELEFONIA">
						<value>si</value>
					</Data>
				</ExtendedData>
				<Point>
					<coordinates>-74.56572008000001,6.228300889000001,0</coordinates>
				</Point>
			</Placemark>
			<Placemark id="2A868A8E1543C1A63F85C">
				<name>PF18</name>
				<description><![CDATA[DISTANCIA POSTE A POSTE METROS: 18<br>ALTURA: 8<br>DIRECCION: vía la sierra - CIC<br>LONGITUDE: -74.56592594<br>LATITUDE: 6.228104583<br>TIPO DE TENSION: media<br># TRANSFORMADOR: no<br>SECUNDARIA: si<br>FIBRA OPTICA: si<br>TELEVISION: si<br>TELEFONIA: si]]></description>
				<styleUrl>#icon-1899-0288D1</styleUrl>
				<ExtendedData>
					<Data name="DISTANCIA POSTE A POSTE METROS">
						<value>18.0</value>
					</Data>
					<Data name="ALTURA">
						<value>8.0</value>
					</Data>
					<Data name="DIRECCION">
						<value>vía la sierra - CIC</value>
					</Data>
					<Data name="LONGITUDE">
						<value>-74.56592594</value>
					</Data>
					<Data name="LATITUDE">
						<value>6.228104583</value>
					</Data>
					<Data name="TIPO DE TENSION">
						<value>media</value>
					</Data>
					<Data name="# TRANSFORMADOR">
						<value>no</value>
					</Data>
					<Data name="SECUNDARIA">
						<value>si</value>
					</Data>
					<Data name="FIBRA OPTICA">
						<value>si</value>
					</Data>
					<Data name="TELEVISION">
						<value>si</value>
					</Data>
					<Data name="TELEFONIA">
						<value>si</value>
					</Data>
				</ExtendedData>
				<Point>
					<coordinates>-74.56592594,6.228104583,0</coordinates>
				</Point>
			</Placemark>
			<Placemark id="2B4D278C0263C1A63F85C">
				<name>PF19</name>
				<description><![CDATA[DISTANCIA POSTE A POSTE METROS: 28<br>ALTURA: 8<br>DIRECCION: vía la sierra - CIC<br>LONGITUDE: -74.56602686<br>LATITUDE: 6.227936583<br>TIPO DE TENSION: media<br># TRANSFORMADOR: no<br>SECUNDARIA: si<br>FIBRA OPTICA: si<br>TELEVISION: si<br>TELEFONIA: si]]></description>
				<styleUrl>#icon-1899-0288D1</styleUrl>
				<ExtendedData>
					<Data name="DISTANCIA POSTE A POSTE METROS">
						<value>28.0</value>
					</Data>
					<Data name="ALTURA">
						<value>8.0</value>
					</Data>
					<Data name="DIRECCION">
						<value>vía la sierra - CIC</value>
					</Data>
					<Data name="LONGITUDE">
						<value>-74.56602686</value>
					</Data>
					<Data name="LATITUDE">
						<value>6.227936583</value>
					</Data>
					<Data name="TIPO DE TENSION">
						<value>media</value>
					</Data>
					<Data name="# TRANSFORMADOR">
						<value>no</value>
					</Data>
					<Data name="SECUNDARIA">
						<value>si</value>
					</Data>
					<Data name="FIBRA OPTICA">
						<value>si</value>
					</Data>
					<Data name="TELEVISION">
						<value>si</value>
					</Data>
					<Data name="TELEFONIA">
						<value>si</value>
					</Data>
				</ExtendedData>
				<Point>
					<coordinates>-74.56602685999999,6.227936583,0</coordinates>
				</Point>
			</Placemark>
			<Placemark id="2C289192E263C1A63F85C">
				<name>PF20</name>
				<description><![CDATA[DISTANCIA POSTE A POSTE METROS: 27<br>ALTURA: 8<br>DIRECCION: vía la sierra - CIC<br>LONGITUDE: -74.56610867<br>LATITUDE: 6.227707944<br>TIPO DE TENSION: media<br># TRANSFORMADOR: no<br>SECUNDARIA: si<br>FIBRA OPTICA: si<br>TELEVISION: si<br>TELEFONIA: si]]></description>
				<styleUrl>#icon-1899-0288D1</styleUrl>
				<ExtendedData>
					<Data name="DISTANCIA POSTE A POSTE METROS">
						<value>27.0</value>
					</Data>
					<Data name="ALTURA">
						<value>8.0</value>
					</Data>
					<Data name="DIRECCION">
						<value>vía la sierra - CIC</value>
					</Data>
					<Data name="LONGITUDE">
						<value>-74.56610867</value>
					</Data>
					<Data name="LATITUDE">
						<value>6.227707944</value>
					</Data>
					<Data name="TIPO DE TENSION">
						<value>media</value>
					</Data>
					<Data name="# TRANSFORMADOR">
						<value>no</value>
					</Data>
					<Data name="SECUNDARIA">
						<value>si</value>
					</Data>
					<Data name="FIBRA OPTICA">
						<value>si</value>
					</Data>
					<Data name="TELEVISION">
						<value>si</value>
					</Data>
					<Data name="TELEFONIA">
						<value>si</value>
					</Data>
				</ExtendedData>
				<Point>
					<coordinates>-74.56610867000001,6.227707944,0</coordinates>
				</Point>
			</Placemark>
			<Placemark id="2D5D87861923C1A63F85C">
				<name>PF21</name>
				<description><![CDATA[DISTANCIA POSTE A POSTE METROS: 24.8<br>ALTURA: 12<br>DIRECCION: vía la sierra - CIC<br>LONGITUDE: -74.56621258<br>LATITUDE: 6.227484639<br>TIPO DE TENSION: alta<br># TRANSFORMADOR: 15815<br>SECUNDARIA: si<br>FIBRA OPTICA: si<br>TELEVISION: si<br>TELEFONIA: si]]></description>
				<styleUrl>#icon-1899-0288D1</styleUrl>
				<ExtendedData>
					<Data name="DISTANCIA POSTE A POSTE METROS">
						<value>24.8</value>
					</Data>
					<Data name="ALTURA">
						<value>12.0</value>
					</Data>
					<Data name="DIRECCION">
						<value>vía la sierra - CIC</value>
					</Data>
					<Data name="LONGITUDE">
						<value>-74.56621258</value>
					</Data>
					<Data name="LATITUDE">
						<value>6.227484639</value>
					</Data>
					<Data name="TIPO DE TENSION">
						<value>alta</value>
					</Data>
					<Data name="# TRANSFORMADOR">
						<value>15815</value>
					</Data>
					<Data name="SECUNDARIA">
						<value>si</value>
					</Data>
					<Data name="FIBRA OPTICA">
						<value>si</value>
					</Data>
					<Data name="TELEVISION">
						<value>si</value>
					</Data>
					<Data name="TELEFONIA">
						<value>si</value>
					</Data>
				</ExtendedData>
				<Point>
					<coordinates>-74.56621258,6.227484638999999,0</coordinates>
				</Point>
			</Placemark>
			<Placemark id="2ED061FBC223C1A63F85C">
				<name>PF22</name>
				<description><![CDATA[DISTANCIA POSTE A POSTE METROS: 37.6<br>ALTURA: 8<br>DIRECCION: vía la sierra - CIC<br>LONGITUDE: -74.56627897<br>LATITUDE: 6.227284<br>TIPO DE TENSION: media<br># TRANSFORMADOR: si<br>SECUNDARIA: si<br>FIBRA OPTICA: si<br>TELEVISION: si<br>TELEFONIA:]]></description>
				<styleUrl>#icon-1899-0288D1</styleUrl>
				<ExtendedData>
					<Data name="DISTANCIA POSTE A POSTE METROS">
						<value>37.6</value>
					</Data>
					<Data name="ALTURA">
						<value>8.0</value>
					</Data>
					<Data name="DIRECCION">
						<value>vía la sierra - CIC</value>
					</Data>
					<Data name="LONGITUDE">
						<value>-74.56627897</value>
					</Data>
					<Data name="LATITUDE">
						<value>6.227284</value>
					</Data>
					<Data name="TIPO DE TENSION">
						<value>media</value>
					</Data>
					<Data name="# TRANSFORMADOR">
						<value>si</value>
					</Data>
					<Data name="SECUNDARIA">
						<value>si</value>
					</Data>
					<Data name="FIBRA OPTICA">
						<value>si</value>
					</Data>
					<Data name="TELEVISION">
						<value>si</value>
					</Data>
					<Data name="TELEFONIA">
					</Data>
				</ExtendedData>
				<Point>
					<coordinates>-74.56627897,6.227284,0</coordinates>
				</Point>
			</Placemark>
			<Placemark id="2FAC95C3BD33C1A63F85C">
				<name>PF23</name>
				<description><![CDATA[DISTANCIA POSTE A POSTE METROS: 25.8<br>ALTURA: 10<br>DIRECCION: vía la sierra - CIC<br>LONGITUDE: -74.56621997<br>LATITUDE: 6.226980694<br>TIPO DE TENSION: media<br># TRANSFORMADOR: no<br>SECUNDARIA: si<br>FIBRA OPTICA: si<br>TELEVISION: si<br>TELEFONIA: si]]></description>
				<styleUrl>#icon-1899-0288D1</styleUrl>
				<ExtendedData>
					<Data name="DISTANCIA POSTE A POSTE METROS">
						<value>25.8</value>
					</Data>
					<Data name="ALTURA">
						<value>10.0</value>
					</Data>
					<Data name="DIRECCION">
						<value>vía la sierra - CIC</value>
					</Data>
					<Data name="LONGITUDE">
						<value>-74.56621997</value>
					</Data>
					<Data name="LATITUDE">
						<value>6.226980694</value>
					</Data>
					<Data name="TIPO DE TENSION">
						<value>media</value>
					</Data>
					<Data name="# TRANSFORMADOR">
						<value>no</value>
					</Data>
					<Data name="SECUNDARIA">
						<value>si</value>
					</Data>
					<Data name="FIBRA OPTICA">
						<value>si</value>
					</Data>
					<Data name="TELEVISION">
						<value>si</value>
					</Data>
					<Data name="TELEFONIA">
						<value>si</value>
					</Data>
				</ExtendedData>
				<Point>
					<coordinates>-74.56621997000001,6.226980694,0</coordinates>
				</Point>
			</Placemark>
			<Placemark id="3053CF55AB33C1A63F85C">
				<name>PF4</name>
				<description><![CDATA[DISTANCIA POSTE A POSTE METROS: 34.1<br>ALTURA: 8<br>DIRECCION: vía la sierra - CIC<br>LONGITUDE: -74.56644328<br>LATITUDE: 6.226903694<br>TIPO DE TENSION: baja<br># TRANSFORMADOR: no<br>SECUNDARIA: si<br>FIBRA OPTICA: si<br>TELEVISION: si<br>TELEFONIA: si]]></description>
				<styleUrl>#icon-1899-0288D1</styleUrl>
				<ExtendedData>
					<Data name="DISTANCIA POSTE A POSTE METROS">
						<value>34.1</value>
					</Data>
					<Data name="ALTURA">
						<value>8.0</value>
					</Data>
					<Data name="DIRECCION">
						<value>vía la sierra - CIC</value>
					</Data>
					<Data name="LONGITUDE">
						<value>-74.56644328</value>
					</Data>
					<Data name="LATITUDE">
						<value>6.226903694</value>
					</Data>
					<Data name="TIPO DE TENSION">
						<value>baja</value>
					</Data>
					<Data name="# TRANSFORMADOR">
						<value>no</value>
					</Data>
					<Data name="SECUNDARIA">
						<value>si</value>
					</Data>
					<Data name="FIBRA OPTICA">
						<value>si</value>
					</Data>
					<Data name="TELEVISION">
						<value>si</value>
					</Data>
					<Data name="TELEFONIA">
						<value>si</value>
					</Data>
				</ExtendedData>
				<Point>
					<coordinates>-74.56644328,6.226903694,0</coordinates>
				</Point>
			</Placemark>
			<Placemark id="311937DA4A93C1A63F85C">
				<name>PF24</name>
				<description><![CDATA[DISTANCIA POSTE A POSTE METROS: 11<br>ALTURA: 10<br>DIRECCION: vía la sierra - CIC<br>LONGITUDE: -74.56672422<br>LATITUDE: 6.226778389<br>TIPO DE TENSION: media<br># TRANSFORMADOR: no<br>SECUNDARIA: si<br>FIBRA OPTICA: si<br>TELEVISION: si<br>TELEFONIA: si]]></description>
				<styleUrl>#icon-1899-0288D1</styleUrl>
				<ExtendedData>
					<Data name="DISTANCIA POSTE A POSTE METROS">
						<value>11.0</value>
					</Data>
					<Data name="ALTURA">
						<value>10.0</value>
					</Data>
					<Data name="DIRECCION">
						<value>vía la sierra - CIC</value>
					</Data>
					<Data name="LONGITUDE">
						<value>-74.56672422</value>
					</Data>
					<Data name="LATITUDE">
						<value>6.226778389</value>
					</Data>
					<Data name="TIPO DE TENSION">
						<value>media</value>
					</Data>
					<Data name="# TRANSFORMADOR">
						<value>no</value>
					</Data>
					<Data name="SECUNDARIA">
						<value>si</value>
					</Data>
					<Data name="FIBRA OPTICA">
						<value>si</value>
					</Data>
					<Data name="TELEVISION">
						<value>si</value>
					</Data>
					<Data name="TELEFONIA">
						<value>si</value>
					</Data>
				</ExtendedData>
				<Point>
					<coordinates>-74.56672422,6.226778389,0</coordinates>
				</Point>
			</Placemark>
			<Placemark id="327AA06F9AA3C1A63F85C">
				<name>PF25</name>
				<description><![CDATA[DISTANCIA POSTE A POSTE METROS: 12<br>ALTURA: 10<br>DIRECCION: vía la sierra - CIC<br>LONGITUDE: -74.56680839<br>LATITUDE: 6.226674056<br>TIPO DE TENSION: media<br># TRANSFORMADOR: no<br>SECUNDARIA: si<br>FIBRA OPTICA: si<br>TELEVISION: si<br>TELEFONIA: si]]></description>
				<styleUrl>#icon-1899-0288D1</styleUrl>
				<ExtendedData>
					<Data name="DISTANCIA POSTE A POSTE METROS">
						<value>12.0</value>
					</Data>
					<Data name="ALTURA">
						<value>10.0</value>
					</Data>
					<Data name="DIRECCION">
						<value>vía la sierra - CIC</value>
					</Data>
					<Data name="LONGITUDE">
						<value>-74.56680839</value>
					</Data>
					<Data name="LATITUDE">
						<value>6.226674056</value>
					</Data>
					<Data name="TIPO DE TENSION">
						<value>media</value>
					</Data>
					<Data name="# TRANSFORMADOR">
						<value>no</value>
					</Data>
					<Data name="SECUNDARIA">
						<value>si</value>
					</Data>
					<Data name="FIBRA OPTICA">
						<value>si</value>
					</Data>
					<Data name="TELEVISION">
						<value>si</value>
					</Data>
					<Data name="TELEFONIA">
						<value>si</value>
					</Data>
				</ExtendedData>
				<Point>
					<coordinates>-74.56680839000001,6.226674056,0</coordinates>
				</Point>
			</Placemark>
			<Placemark id="3382BB142373C1A63F85C">
				<name>PF26</name>
				<description><![CDATA[DISTANCIA POSTE A POSTE METROS: 38.5<br>ALTURA: 8<br>DIRECCION: vía la sierra - CIC<br>LONGITUDE: -74.56689353<br>LATITUDE: 6.226691722<br>TIPO DE TENSION: alta<br># TRANSFORMADOR: no<br>SECUNDARIA: si<br>FIBRA OPTICA: si<br>TELEVISION: si<br>TELEFONIA: si]]></description>
				<styleUrl>#icon-1899-0288D1</styleUrl>
				<ExtendedData>
					<Data name="DISTANCIA POSTE A POSTE METROS">
						<value>38.5</value>
					</Data>
					<Data name="ALTURA">
						<value>8.0</value>
					</Data>
					<Data name="DIRECCION">
						<value>vía la sierra - CIC</value>
					</Data>
					<Data name="LONGITUDE">
						<value>-74.56689353</value>
					</Data>
					<Data name="LATITUDE">
						<value>6.226691722</value>
					</Data>
					<Data name="TIPO DE TENSION">
						<value>alta</value>
					</Data>
					<Data name="# TRANSFORMADOR">
						<value>no</value>
					</Data>
					<Data name="SECUNDARIA">
						<value>si</value>
					</Data>
					<Data name="FIBRA OPTICA">
						<value>si</value>
					</Data>
					<Data name="TELEVISION">
						<value>si</value>
					</Data>
					<Data name="TELEFONIA">
						<value>si</value>
					</Data>
				</ExtendedData>
				<Point>
					<coordinates>-74.56689353,6.226691722,0</coordinates>
				</Point>
			</Placemark>
			<Placemark id="345CC342AD23C1A63F85C">
				<name>PF27</name>
				<description><![CDATA[DISTANCIA POSTE A POSTE METROS: 39.1<br>ALTURA: 12<br>DIRECCION: vía la sierra - CIC<br>LONGITUDE: -74.56710208<br>LATITUDE: 6.226425083<br>TIPO DE TENSION: alta<br># TRANSFORMADOR: 188009<br>SECUNDARIA: si<br>FIBRA OPTICA: si<br>TELEVISION: si<br>TELEFONIA: si]]></description>
				<styleUrl>#icon-1899-0288D1</styleUrl>
				<ExtendedData>
					<Data name="DISTANCIA POSTE A POSTE METROS">
						<value>39.1</value>
					</Data>
					<Data name="ALTURA">
						<value>12.0</value>
					</Data>
					<Data name="DIRECCION">
						<value>vía la sierra - CIC</value>
					</Data>
					<Data name="LONGITUDE">
						<value>-74.56710208</value>
					</Data>
					<Data name="LATITUDE">
						<value>6.226425083</value>
					</Data>
					<Data name="TIPO DE TENSION">
						<value>alta</value>
					</Data>
					<Data name="# TRANSFORMADOR">
						<value>188009</value>
					</Data>
					<Data name="SECUNDARIA">
						<value>si</value>
					</Data>
					<Data name="FIBRA OPTICA">
						<value>si</value>
					</Data>
					<Data name="TELEVISION">
						<value>si</value>
					</Data>
					<Data name="TELEFONIA">
						<value>si</value>
					</Data>
				</ExtendedData>
				<Point>
					<coordinates>-74.56710208,6.226425083000001,0</coordinates>
				</Point>
			</Placemark>
			<Placemark id="3500FA7A7713C1A63F85C">
				<name>PF28</name>
				<description><![CDATA[DISTANCIA POSTE A POSTE METROS: 35.8<br>ALTURA: 8<br>DIRECCION: vía la sierra - CIC<br>LONGITUDE: -74.56695758<br>LATITUDE: 6.226144778<br>TIPO DE TENSION: media<br># TRANSFORMADOR: no<br>SECUNDARIA: si<br>FIBRA OPTICA: si<br>TELEVISION: si<br>TELEFONIA: si]]></description>
				<styleUrl>#icon-1899-0288D1</styleUrl>
				<ExtendedData>
					<Data name="DISTANCIA POSTE A POSTE METROS">
						<value>35.8</value>
					</Data>
					<Data name="ALTURA">
						<value>8.0</value>
					</Data>
					<Data name="DIRECCION">
						<value>vía la sierra - CIC</value>
					</Data>
					<Data name="LONGITUDE">
						<value>-74.56695758</value>
					</Data>
					<Data name="LATITUDE">
						<value>6.226144778</value>
					</Data>
					<Data name="TIPO DE TENSION">
						<value>media</value>
					</Data>
					<Data name="# TRANSFORMADOR">
						<value>no</value>
					</Data>
					<Data name="SECUNDARIA">
						<value>si</value>
					</Data>
					<Data name="FIBRA OPTICA">
						<value>si</value>
					</Data>
					<Data name="TELEVISION">
						<value>si</value>
					</Data>
					<Data name="TELEFONIA">
						<value>si</value>
					</Data>
				</ExtendedData>
				<Point>
					<coordinates>-74.56695757999999,6.226144778,0</coordinates>
				</Point>
			</Placemark>
			<Placemark id="36186BD0A633C1A63F85C">
				<name>PF30</name>
				<description><![CDATA[DISTANCIA POSTE A POSTE METROS: 35<br>ALTURA: 10<br>DIRECCION: vía la sierra - CIC<br>LONGITUDE: -74.56720233<br>LATITUDE: 6.226040806<br>TIPO DE TENSION: media<br># TRANSFORMADOR: no<br>SECUNDARIA: si<br>FIBRA OPTICA: si<br>TELEVISION: si<br>TELEFONIA: si]]></description>
				<styleUrl>#icon-1899-0288D1</styleUrl>
				<ExtendedData>
					<Data name="DISTANCIA POSTE A POSTE METROS">
						<value>35.0</value>
					</Data>
					<Data name="ALTURA">
						<value>10.0</value>
					</Data>
					<Data name="DIRECCION">
						<value>vía la sierra - CIC</value>
					</Data>
					<Data name="LONGITUDE">
						<value>-74.56720233</value>
					</Data>
					<Data name="LATITUDE">
						<value>6.226040806</value>
					</Data>
					<Data name="TIPO DE TENSION">
						<value>media</value>
					</Data>
					<Data name="# TRANSFORMADOR">
						<value>no</value>
					</Data>
					<Data name="SECUNDARIA">
						<value>si</value>
					</Data>
					<Data name="FIBRA OPTICA">
						<value>si</value>
					</Data>
					<Data name="TELEVISION">
						<value>si</value>
					</Data>
					<Data name="TELEFONIA">
						<value>si</value>
					</Data>
				</ExtendedData>
				<Point>
					<coordinates>-74.56720233,6.226040806,0</coordinates>
				</Point>
			</Placemark>
			<Placemark id="37758BCC3773C1A63F85C">
				<name>PS1</name>
				<description><![CDATA[DISTANCIA POSTE A POSTE METROS: 29<br>ALTURA: 10<br>DIRECCION: vía la sierra - CIC<br>LONGITUDE: -74.56741456<br>LATITUDE: 6.225841139<br>TIPO DE TENSION: baja<br># TRANSFORMADOR: no<br>SECUNDARIA: <br>FIBRA OPTICA: <br>TELEVISION: <br>TELEFONIA:]]></description>
				<styleUrl>#icon-1899-0288D1</styleUrl>
				<ExtendedData>
					<Data name="DISTANCIA POSTE A POSTE METROS">
						<value>29.0</value>
					</Data>
					<Data name="ALTURA">
						<value>10.0</value>
					</Data>
					<Data name="DIRECCION">
						<value>vía la sierra - CIC</value>
					</Data>
					<Data name="LONGITUDE">
						<value>-74.56741456</value>
					</Data>
					<Data name="LATITUDE">
						<value>6.225841139</value>
					</Data>
					<Data name="TIPO DE TENSION">
						<value>baja</value>
					</Data>
					<Data name="# TRANSFORMADOR">
						<value>no</value>
					</Data>
					<Data name="SECUNDARIA">
					</Data>
					<Data name="FIBRA OPTICA">
					</Data>
					<Data name="TELEVISION">
					</Data>
					<Data name="TELEFONIA">
					</Data>
				</ExtendedData>
				<Point>
					<coordinates>-74.56741456,6.225841138999999,0</coordinates>
				</Point>
			</Placemark>
			<Placemark id="38E7589C10E3C1A63F85C">
				<name>PF31</name>
				<description><![CDATA[DISTANCIA POSTE A POSTE METROS: 23.3<br>ALTURA: 12<br>DIRECCION: vía la sierra - CIC<br>LONGITUDE: -74.56759092<br>LATITUDE: 6.225643833<br>TIPO DE TENSION: alta<br># TRANSFORMADOR: 129336<br>SECUNDARIA: si<br>FIBRA OPTICA: si<br>TELEVISION: si<br>TELEFONIA: si]]></description>
				<styleUrl>#icon-1899-0288D1</styleUrl>
				<ExtendedData>
					<Data name="DISTANCIA POSTE A POSTE METROS">
						<value>23.3</value>
					</Data>
					<Data name="ALTURA">
						<value>12.0</value>
					</Data>
					<Data name="DIRECCION">
						<value>vía la sierra - CIC</value>
					</Data>
					<Data name="LONGITUDE">
						<value>-74.56759092</value>
					</Data>
					<Data name="LATITUDE">
						<value>6.225643833</value>
					</Data>
					<Data name="TIPO DE TENSION">
						<value>alta</value>
					</Data>
					<Data name="# TRANSFORMADOR">
						<value>129336</value>
					</Data>
					<Data name="SECUNDARIA">
						<value>si</value>
					</Data>
					<Data name="FIBRA OPTICA">
						<value>si</value>
					</Data>
					<Data name="TELEVISION">
						<value>si</value>
					</Data>
					<Data name="TELEFONIA">
						<value>si</value>
					</Data>
				</ExtendedData>
				<Point>
					<coordinates>-74.56759092,6.225643833,0</coordinates>
				</Point>
			</Placemark>
			<Placemark id="394C67487393C1A63F85C">
				<name>PF32</name>
				<description><![CDATA[DISTANCIA POSTE A POSTE METROS: 35.7<br>ALTURA: 8<br>DIRECCION: vía la sierra - CIC<br>LONGITUDE: -74.56775989<br>LATITUDE: 6.225541194<br>TIPO DE TENSION: media<br># TRANSFORMADOR: o<br>SECUNDARIA: si<br>FIBRA OPTICA: si<br>TELEVISION: si<br>TELEFONIA: si]]></description>
				<styleUrl>#icon-1899-0288D1</styleUrl>
				<ExtendedData>
					<Data name="DISTANCIA POSTE A POSTE METROS">
						<value>35.7</value>
					</Data>
					<Data name="ALTURA">
						<value>8.0</value>
					</Data>
					<Data name="DIRECCION">
						<value>vía la sierra - CIC</value>
					</Data>
					<Data name="LONGITUDE">
						<value>-74.56775989</value>
					</Data>
					<Data name="LATITUDE">
						<value>6.225541194</value>
					</Data>
					<Data name="TIPO DE TENSION">
						<value>media</value>
					</Data>
					<Data name="# TRANSFORMADOR">
						<value>o</value>
					</Data>
					<Data name="SECUNDARIA">
						<value>si</value>
					</Data>
					<Data name="FIBRA OPTICA">
						<value>si</value>
					</Data>
					<Data name="TELEVISION">
						<value>si</value>
					</Data>
					<Data name="TELEFONIA">
						<value>si</value>
					</Data>
				</ExtendedData>
				<Point>
					<coordinates>-74.56775989,6.225541194,0</coordinates>
				</Point>
			</Placemark>
			<Placemark id="3A32B0EF98A3C1A63F85C">
				<name>PF34</name>
				<description><![CDATA[DISTANCIA POSTE A POSTE METROS: 33.2<br>ALTURA: 8<br>DIRECCION: vía la sierra - CIC<br>LONGITUDE: -74.56797078<br>LATITUDE: 6.225293861<br>TIPO DE TENSION: media<br># TRANSFORMADOR: no<br>SECUNDARIA: si<br>FIBRA OPTICA: si<br>TELEVISION: si<br>TELEFONIA: si]]></description>
				<styleUrl>#icon-1899-0288D1</styleUrl>
				<ExtendedData>
					<Data name="DISTANCIA POSTE A POSTE METROS">
						<value>33.2</value>
					</Data>
					<Data name="ALTURA">
						<value>8.0</value>
					</Data>
					<Data name="DIRECCION">
						<value>vía la sierra - CIC</value>
					</Data>
					<Data name="LONGITUDE">
						<value>-74.56797078</value>
					</Data>
					<Data name="LATITUDE">
						<value>6.225293861</value>
					</Data>
					<Data name="TIPO DE TENSION">
						<value>media</value>
					</Data>
					<Data name="# TRANSFORMADOR">
						<value>no</value>
					</Data>
					<Data name="SECUNDARIA">
						<value>si</value>
					</Data>
					<Data name="FIBRA OPTICA">
						<value>si</value>
					</Data>
					<Data name="TELEVISION">
						<value>si</value>
					</Data>
					<Data name="TELEFONIA">
						<value>si</value>
					</Data>
				</ExtendedData>
				<Point>
					<coordinates>-74.56797078,6.225293861,0</coordinates>
				</Point>
			</Placemark>
			<Placemark id="3BDD237A2943C1A63F85C">
				<name>PF35</name>
				<description><![CDATA[DISTANCIA POSTE A POSTE METROS: 16.9<br>ALTURA: 8<br>DIRECCION: vía la sierra - CIC<br>LONGITUDE: -74.5681545<br>LATITUDE: 6.225060889<br>TIPO DE TENSION: media<br># TRANSFORMADOR: no<br>SECUNDARIA: si<br>FIBRA OPTICA: si<br>TELEVISION: si<br>TELEFONIA: si]]></description>
				<styleUrl>#icon-1899-0288D1</styleUrl>
				<ExtendedData>
					<Data name="DISTANCIA POSTE A POSTE METROS">
						<value>16.9</value>
					</Data>
					<Data name="ALTURA">
						<value>8.0</value>
					</Data>
					<Data name="DIRECCION">
						<value>vía la sierra - CIC</value>
					</Data>
					<Data name="LONGITUDE">
						<value>-74.5681545</value>
					</Data>
					<Data name="LATITUDE">
						<value>6.225060889</value>
					</Data>
					<Data name="TIPO DE TENSION">
						<value>media</value>
					</Data>
					<Data name="# TRANSFORMADOR">
						<value>no</value>
					</Data>
					<Data name="SECUNDARIA">
						<value>si</value>
					</Data>
					<Data name="FIBRA OPTICA">
						<value>si</value>
					</Data>
					<Data name="TELEVISION">
						<value>si</value>
					</Data>
					<Data name="TELEFONIA">
						<value>si</value>
					</Data>
				</ExtendedData>
				<Point>
					<coordinates>-74.56815450000001,6.225060889,0</coordinates>
				</Point>
			</Placemark>
			<Placemark id="3C0C8AAEFBC3C1A63F85C">
				<name>PS3</name>
				<description><![CDATA[DISTANCIA POSTE A POSTE METROS: 14.3<br>ALTURA: 8<br>DIRECCION: vía la sierra - CIC<br>LONGITUDE: -74.56817922<br>LATITUDE: 6.224981083<br>TIPO DE TENSION: media <br># TRANSFORMADOR: no<br>SECUNDARIA: si<br>FIBRA OPTICA: si<br>TELEVISION: si<br>TELEFONIA: si]]></description>
				<styleUrl>#icon-1899-0288D1</styleUrl>
				<ExtendedData>
					<Data name="DISTANCIA POSTE A POSTE METROS">
						<value>14.3</value>
					</Data>
					<Data name="ALTURA">
						<value>8.0</value>
					</Data>
					<Data name="DIRECCION">
						<value>vía la sierra - CIC</value>
					</Data>
					<Data name="LONGITUDE">
						<value>-74.56817922</value>
					</Data>
					<Data name="LATITUDE">
						<value>6.224981083</value>
					</Data>
					<Data name="TIPO DE TENSION">
						<value>media</value>
					</Data>
					<Data name="# TRANSFORMADOR">
						<value>no</value>
					</Data>
					<Data name="SECUNDARIA">
						<value>si</value>
					</Data>
					<Data name="FIBRA OPTICA">
						<value>si</value>
					</Data>
					<Data name="TELEVISION">
						<value>si</value>
					</Data>
					<Data name="TELEFONIA">
						<value>si</value>
					</Data>
				</ExtendedData>
				<Point>
					<coordinates>-74.56817922,6.224981083,0</coordinates>
				</Point>
			</Placemark>
			<Placemark id="3DD27AD2D3B3C1A63F85C">
				<name>VPN-LA SIERRA</name>
				<description><![CDATA[DISTANCIA POSTE A POSTE METROS: <br>ALTURA: <br>DIRECCION: <br>LONGITUDE: -74.56809383<br>LATITUDE: 6.22490825<br>TIPO DE TENSION: <br># TRANSFORMADOR: <br>SECUNDARIA: <br>FIBRA OPTICA: <br>TELEVISION: <br>TELEFONIA:]]></description>
				<styleUrl>#msn_grn-pushpin0</styleUrl>
				<ExtendedData>
					<Data name="DISTANCIA POSTE A POSTE METROS">
					</Data>
					<Data name="ALTURA">
					</Data>
					<Data name="DIRECCION">
					</Data>
					<Data name="LONGITUDE">
						<value>-74.56809383</value>
					</Data>
					<Data name="LATITUDE">
						<value>6.22490825</value>
					</Data>
					<Data name="TIPO DE TENSION">
					</Data>
					<Data name="# TRANSFORMADOR">
					</Data>
					<Data name="SECUNDARIA">
					</Data>
					<Data name="FIBRA OPTICA">
					</Data>
					<Data name="TELEVISION">
					</Data>
					<Data name="TELEFONIA">
					</Data>
				</ExtendedData>
				<Point>
					<coordinates>-74.56809383,6.22490825,0</coordinates>
				</Point>
			</Placemark>
		</Folder>
		<Folder id="3ED3286D98D3C1A63F85C">
			<name>Poste de camara</name>
			<Placemark id="3FB84146C893C1A63F85C">
				<name>Poste #1 Cámara 1: El Parque</name>
				<description><![CDATA[DISTANCIA POSTE A POSTE METROS: 10<br>ALTURA: 14<br>DIRECCION: parque principal <br>LONGITUDE: -74.5814388<br>LATITUDE: 6.1877874<br>TIPO DE TENSION: <br># TRANSFORMADOR: <br>SECUNDARIA: <br>FIBRA OPTICA: <br>TELEVISION: <br>TELEFONIA:]]></description>
				<styleUrl>#__managed_style_06ADC0618E3D83034136</styleUrl>
				<ExtendedData>
					<Data name="DISTANCIA POSTE A POSTE METROS">
						<value>10.0</value>
					</Data>
					<Data name="ALTURA">
						<value>14.0</value>
					</Data>
					<Data name="DIRECCION">
						<value>parque principal</value>
					</Data>
					<Data name="LONGITUDE">
						<value>-74.5814388</value>
					</Data>
					<Data name="LATITUDE">
						<value>6.1877874</value>
					</Data>
					<Data name="TIPO DE TENSION">
					</Data>
					<Data name="# TRANSFORMADOR">
					</Data>
					<Data name="SECUNDARIA">
					</Data>
					<Data name="FIBRA OPTICA">
					</Data>
					<Data name="TELEVISION">
					</Data>
					<Data name="TELEFONIA">
					</Data>
				</ExtendedData>
				<Point>
					<coordinates>-74.58138930937857,6.187680989639284,0</coordinates>
				</Point>
			</Placemark>
			<Placemark id="409F14F15633C1A63F85C">
				<name>Poste #83 Cámara 2: Cuatro Esquinas</name>
				<description><![CDATA[DISTANCIA POSTE A POSTE METROS: 18<br>ALTURA: 14<br>DIRECCION: carrera 5 con 47<br>LONGITUDE: -74.58346942<br>LATITUDE: 6.185865667<br>TIPO DE TENSION: <br># TRANSFORMADOR: <br>SECUNDARIA: <br>FIBRA OPTICA: <br>TELEVISION: <br>TELEFONIA:]]></description>
				<styleUrl>#__managed_style_06ADC0618E3D83034136</styleUrl>
				<ExtendedData>
					<Data name="DISTANCIA POSTE A POSTE METROS">
						<value>18.0</value>
					</Data>
					<Data name="ALTURA">
						<value>14.0</value>
					</Data>
					<Data name="DIRECCION">
						<value>carrera 5 con 47</value>
					</Data>
					<Data name="LONGITUDE">
						<value>-74.58346942</value>
					</Data>
					<Data name="LATITUDE">
						<value>6.185865667</value>
					</Data>
					<Data name="TIPO DE TENSION">
					</Data>
					<Data name="# TRANSFORMADOR">
					</Data>
					<Data name="SECUNDARIA">
					</Data>
					<Data name="FIBRA OPTICA">
					</Data>
					<Data name="TELEVISION">
					</Data>
					<Data name="TELEFONIA">
					</Data>
				</ExtendedData>
				<Point>
					<coordinates>-74.58346942,6.185865667,0</coordinates>
				</Point>
			</Placemark>
			<Placemark id="41B8F264D793C1A63F85C">
				<name>Cámara 3: Parque la Sierra</name>
				<description><![CDATA[DISTANCIA POSTE A POSTE METROS: 22.8<br>ALTURA: 14<br>DIRECCION: carrera 5 con 47<br>LONGITUDE: -74.56898514<br>LATITUDE: 6.224672444<br>TIPO DE TENSION: <br># TRANSFORMADOR: <br>SECUNDARIA: <br>FIBRA OPTICA: <br>TELEVISION: <br>TELEFONIA:]]></description>
				<styleUrl>#msn_ylw-pushpin</styleUrl>
				<ExtendedData>
					<Data name="DISTANCIA POSTE A POSTE METROS">
						<value>22.8</value>
					</Data>
					<Data name="ALTURA">
						<value>14.0</value>
					</Data>
					<Data name="DIRECCION">
						<value>carrera 5 con 47</value>
					</Data>
					<Data name="LONGITUDE">
						<value>-74.56898514</value>
					</Data>
					<Data name="LATITUDE">
						<value>6.224672444</value>
					</Data>
					<Data name="TIPO DE TENSION">
					</Data>
					<Data name="# TRANSFORMADOR">
					</Data>
					<Data name="SECUNDARIA">
					</Data>
					<Data name="FIBRA OPTICA">
					</Data>
					<Data name="TELEVISION">
					</Data>
					<Data name="TELEFONIA">
					</Data>
				</ExtendedData>
				<Point>
					<coordinates>-74.56898514,6.224672444,0</coordinates>
				</Point>
			</Placemark>
			<Placemark id="42E3768E81D3C1A63F85C">
				<name>Cámara 4: CIC La Sierra</name>
				<description><![CDATA[DISTANCIA POSTE A POSTE METROS: 26.2<br>ALTURA: 14<br>DIRECCION: vía la sierra - CIC<br>LONGITUDE: -74.56384453<br>LATITUDE: 6.230413667<br>TIPO DE TENSION: <br># TRANSFORMADOR: <br>SECUNDARIA: <br>FIBRA OPTICA: <br>TELEVISION: <br>TELEFONIA:]]></description>
				<styleUrl>#msn_ylw-pushpin</styleUrl>
				<ExtendedData>
					<Data name="DISTANCIA POSTE A POSTE METROS">
						<value>26.2</value>
					</Data>
					<Data name="ALTURA">
						<value>14.0</value>
					</Data>
					<Data name="DIRECCION">
						<value>vía la sierra - CIC</value>
					</Data>
					<Data name="LONGITUDE">
						<value>-74.56384453</value>
					</Data>
					<Data name="LATITUDE">
						<value>6.230413667</value>
					</Data>
					<Data name="TIPO DE TENSION">
					</Data>
					<Data name="# TRANSFORMADOR">
					</Data>
					<Data name="SECUNDARIA">
					</Data>
					<Data name="FIBRA OPTICA">
					</Data>
					<Data name="TELEVISION">
					</Data>
					<Data name="TELEFONIA">
					</Data>
				</ExtendedData>
				<Point>
					<coordinates>-74.56384453,6.230413667,0</coordinates>
				</Point>
			</Placemark>
		</Folder>
		<Folder id="06A91CF6EB3CF7B577E3">
			<name>F.O Existente</name>
			<styleUrl>#__managed_style_3182D936463D83034136</styleUrl>
			<Placemark id="030DC8B15C3CF7B5EAB9">
				<name>F.o Existente</name>
				<LookAt>
					<longitude>-74.58347110307058</longitude>
					<latitude>6.185861422193472</latitude>
					<altitude>129.46869610583</altitude>
					<heading>-9.692455081870756</heading>
					<tilt>1.553146204361864</tilt>
					<gx:fovy>35</gx:fovy>
					<range>95.4714405516097</range>
					<altitudeMode>absolute</altitudeMode>
				</LookAt>
				<styleUrl>#__managed_style_0DDF04308A3D83034137</styleUrl>
				<LineString>
					<coordinates>
						-74.58187847384932,6.188027815913371,0 -74.58190032398973,6.187965330860397,0 -74.58197362342592,6.187505727732143,0 -74.58203051667616,6.187321400156726,0 -74.58199963004223,6.187283283578236,0 -74.58247215114251,6.187378763203424,0 -74.58256786327944,6.187393680678301,0 -74.58289304029964,6.187448340478716,0 -74.58318873626958,6.187448262585309,0 -74.58323306549818,6.187250658906209,0 -74.58331128982609,6.186912433831376,0 -74.58334878347546,6.186659232385484,0 -74.58340866407789,6.186318224694483,0 -74.58344621026643,6.186027165876779,0 -74.5834457870734,6.18595330857363,0 -74.58343661137992,6.185910572697782,0 -74.58347032979096,6.185861706846187,0 
					</coordinates>
				</LineString>
			</Placemark>
			<Placemark id="15579CC34E3CF7B5EABB">
				<name>F.O Existente</name>
				<LookAt>
					<longitude>-74.58144897714652</longitude>
					<latitude>6.187794905255743</latitude>
					<altitude>128.225125752811</altitude>
					<heading>350.3077164637626</heading>
					<tilt>0</tilt>
					<gx:fovy>35</gx:fovy>
					<range>149.5081708397629</range>
					<altitudeMode>absolute</altitudeMode>
				</LookAt>
				<styleUrl>#__managed_style_0DDF04308A3D83034137</styleUrl>
				<LineString>
					<coordinates>
						-74.58200145673067,6.18728381129511,0 -74.58189568508607,6.187321932696527,0 -74.58172095080326,6.187316555380212,0 -74.58151826018168,6.187272974481389,0 -74.58152057536195,6.187384273565161,0 -74.58147352430382,6.187521333989084,0 -74.5814602022098,6.187683374607365,0 -74.58143452957189,6.18772174500653,0 -74.5814614525018,6.187764622293812,0 -74.58144793573172,6.187796319792641,0 
					</coordinates>
				</LineString>
			</Placemark>
		</Folder>
		<Placemark id="0E2510CBD73C243F9DDB">
			<name>CCM puerto nare</name>
			<LookAt>
				<longitude>-74.58175526950834</longitude>
				<latitude>6.188033201837273</latitude>
				<altitude>129.0643955902551</altitude>
				<heading>51.88548114641779</heading>
				<tilt>0</tilt>
				<gx:fovy>35</gx:fovy>
				<range>395.7017901192012</range>
				<altitudeMode>absolute</altitudeMode>
			</LookAt>
			<styleUrl>#__managed_style_3DB7A5F4C03D83034137</styleUrl>
			<Point>
				<coordinates>-74.58190886918914,6.188090754607884,129.0643955902551</coordinates>
			</Point>
		</Placemark>
	</Folder>
	<Folder id="05E655670A3CF7C30E87">
		<name>PTO Nare Proyectado</name>
		<styleUrl>#__managed_style_3182D936463D83034136</styleUrl>
		<Folder id="0B9E60E7903CF7C22844">
			<name>Mufla</name>
			<styleUrl>#__managed_style_3182D936463D83034136</styleUrl>
			<Placemark id="085C4B18E03C2454FE10">
				<name>Mufla #1</name>
				<LookAt>
					<longitude>-74.58137759150746</longitude>
					<latitude>6.187700354281438</latitude>
					<altitude>128.0208262953955</altitude>
					<heading>315.6929934050145</heading>
					<tilt>0</tilt>
					<gx:fovy>35</gx:fovy>
					<range>92.19712370685558</range>
					<altitudeMode>absolute</altitudeMode>
				</LookAt>
				<styleUrl>#__managed_style_0DC48E74143D83034138</styleUrl>
				<Point>
					<coordinates>-74.58144383721157,6.187681592809044,128.0208262953955</coordinates>
				</Point>
			</Placemark>
			<Placemark id="6866E955B3B3CF7B98F67">
				<name>Mufla #2</name>
				<LookAt>
					<longitude>-74.5834651665792</longitude>
					<latitude>6.185875952465794</latitude>
					<altitude>129.4425342816247</altitude>
					<heading>215.9892680098511</heading>
					<tilt>0</tilt>
					<gx:fovy>35</gx:fovy>
					<range>49.96677860697673</range>
					<altitudeMode>absolute</altitudeMode>
				</LookAt>
				<styleUrl>#__managed_style_0DC48E74143D83034138</styleUrl>
				<Point>
					<coordinates>-74.5834651665792,6.185875952465794,129.4425342816247</coordinates>
				</Point>
			</Placemark>
			<Placemark id="0659AF6F9F3D0DC10C30">
				<name>Mufla #3</name>
				<LookAt>
					<longitude>-74.58481957478936</longitude>
					<latitude>6.186238787723282</latitude>
					<altitude>130.3010583636827</altitude>
					<heading>359.9877620145059</heading>
					<tilt>0</tilt>
					<gx:fovy>35</gx:fovy>
					<range>122.3934737983473</range>
					<altitudeMode>absolute</altitudeMode>
				</LookAt>
				<styleUrl>#__managed_style_0DC48E74143D83034138</styleUrl>
				<Point>
					<coordinates>-74.58479262630993,6.18610539654112,130.5827548406019</coordinates>
				</Point>
			</Placemark>
		</Folder>
		<Folder id="0EEBC2FC863CF7C191E0">
			<name>Radio Enlace</name>
			<visibility>0</visibility>
			<styleUrl>#__managed_style_3182D936463D83034136</styleUrl>
			<Placemark id="084E5FAC6E3CF75A277C">
				<name>Vista radio</name>
				<LookAt>
					<longitude>-74.58190831182925</longitude>
					<latitude>6.188127537444279</latitude>
					<altitude>129.6241551639762</altitude>
					<heading>0</heading>
					<tilt>0</tilt>
					<gx:fovy>35</gx:fovy>
					<range>31.689995715833</range>
					<altitudeMode>absolute</altitudeMode>
				</LookAt>
				<styleUrl>#__managed_style_37C51C932E3D83034138</styleUrl>
				<LineString>
					<coordinates>
						-74.70262363121371,6.184921625246169,0 -74.58190896751874,6.188090055459526,0 
					</coordinates>
				</LineString>
			</Placemark>
			<Placemark id="0C2DCE3C923CF7C06D40">
				<name>Poste EPM</name>
				<LookAt>
					<longitude>-74.70267177781359</longitude>
					<latitude>6.184948201217581</latitude>
					<altitude>527.3163300297944</altitude>
					<heading>334.4807551624908</heading>
					<tilt>0</tilt>
					<gx:fovy>35</gx:fovy>
					<range>51.93791754452832</range>
					<altitudeMode>absolute</altitudeMode>
				</LookAt>
				<styleUrl>#__managed_style_63DE1335D43D83034138</styleUrl>
				<Point>
					<coordinates>-74.7025880781496,6.184956098182037,527.1555456861929</coordinates>
				</Point>
			</Placemark>
			<Placemark id="69EB35879353CF7B98F67">
				<name>Poste Radio</name>
				<LookAt>
					<longitude>-74.70211082136346</longitude>
					<latitude>6.184755492105912</latitude>
					<altitude>525.3551583851475</altitude>
					<heading>0</heading>
					<tilt>0</tilt>
					<gx:fovy>35</gx:fovy>
					<range>164.6309633932287</range>
					<altitudeMode>absolute</altitudeMode>
				</LookAt>
				<styleUrl>#__managed_style_9BBDB275493D83034138</styleUrl>
				<Point>
					<coordinates>-74.70261769806481,6.184921051712402,527.196175621769</coordinates>
				</Point>
			</Placemark>
			<Placemark id="DF5B0A1A4B3D0DB8D204">
				<name>LPR EN ARCO 2 CAMARAS ENTRADA/SALIDA PUERTO NARE</name>
				<LookAt>
					<gx:TimeStamp><when>2022-01-03T17:33:24Z</when>
</gx:TimeStamp>
					<gx:ViewerOptions>
						<gx:option enabled="0" name="historicalimagery"></gx:option>
						<gx:option enabled="0" name="sunlight"></gx:option>
						<gx:option name="streetview"></gx:option>
					</gx:ViewerOptions>
					<longitude>-74.5806539330444</longitude>
					<latitude>6.188055484858125</latitude>
					<altitude>0</altitude>
					<heading>72.49308557579238</heading>
					<tilt>80.43644759530831</tilt>
					<range>797.8943202958918</range>
					<gx:altitudeMode>relativeToSeaFloor</gx:altitudeMode>
				</LookAt>
				<styleUrl>#m_ylw-pushpin0</styleUrl>
				<Point>
					<gx:drawOrder>1</gx:drawOrder>
					<coordinates>-74.58735237319382,6.185923800893693,130.533908480011</coordinates>
				</Point>
			</Placemark>
		</Folder>
		<Folder id="0661CA35713CF7C29DC4">
			<name>F.O Proyectada</name>
			<styleUrl>#__managed_style_3182D936463D83034136</styleUrl>
			<Placemark id="0BEED29A703C1AB2D37F">
				<name>Tramo #1</name>
				<LookAt>
					<longitude>-74.58344228868623</longitude>
					<latitude>6.185890468982109</latitude>
					<altitude>129.2932435417685</altitude>
					<heading>-13.80940785531047</heading>
					<tilt>0.06965614415303147</tilt>
					<gx:fovy>35</gx:fovy>
					<range>616.3192066363263</range>
					<altitudeMode>absolute</altitudeMode>
				</LookAt>
				<styleUrl>#__managed_style_0489BD3B783D83034139</styleUrl>
				<LineString>
					<coordinates>
						-74.58191089354784,6.18808635588556,0 -74.58189978812463,6.187973471130295,0 -74.5818112921435,6.188374441659849,0 -74.58176219631414,6.188818729522301,0 -74.5817072030419,6.18934980513401,0 -74.58170213479372,6.189694669512435,0 -74.5817373998721,6.189922847796688,0 -74.58167542861844,6.189987328173642,0 -74.58177786277282,6.190193675184212,0 -74.58181158005739,6.190393603833994,0 -74.5818184538403,6.190445266916901,0 -74.58221845511025,6.190453258463103,0 -74.58267469029246,6.190550882462933,0 -74.58289037542472,6.189551540935628,0 -74.58304466769766,6.189528003342309,0 -74.5832241902659,6.189553891187867,0 -74.58346575850074,6.189627774758362,0 -74.58346243794759,6.189494048707236,0 -74.5834943934553,6.189309607637818,0 -74.58357025607204,6.189045544332844,0 -74.58367161102908,6.188550972791998,0 -74.5837494176633,6.187870415623945,0 -74.5837124323094,6.187783437694228,0 -74.58374221401675,6.187542228698653,0 -74.58384923927474,6.187555069681967,0 -74.58411181758648,6.187572451104649,0 -74.58439252300155,6.187624126143237,0 -74.58454991029292,6.187660841271707,0 -74.58456072320732,6.187586262797673,0 -74.58455987821756,6.187585820328022,0 -74.58468945547033,6.186612041943447,0 -74.58468645897233,6.186617179707378,0 -74.58472268038562,6.186494513115759,0 -74.58476247801681,6.186316141387903,0 -74.58478586159393,6.186102247419598,0 -74.58444980387782,6.186056801797005,0 -74.58343676476279,6.185890716524496,0 
					</coordinates>
				</LineString>
			</Placemark>
			<Placemark id="09F4142A5D3C1AB54DC2">
				<name>Tramo #2</name>
				<LookAt>
					<longitude>-74.5814045948859</longitude>
					<latitude>6.187822358508555</latitude>
					<altitude>128.323943396754</altitude>
					<heading>336.8223566448218</heading>
					<tilt>0</tilt>
					<gx:fovy>35</gx:fovy>
					<range>654.039080807197</range>
					<altitudeMode>absolute</altitudeMode>
				</LookAt>
				<styleUrl>#__managed_style_0489BD3B783D83034139</styleUrl>
				<LineString>
					<coordinates>
						-74.58347671738632,6.185892083582547,0 -74.58354458814742,6.185456180118929,0 -74.58359265574381,6.185254481268673,0 -74.58344935643873,6.185168862657294,0 -74.58337035620363,6.185072752713815,0 -74.5833685738947,6.184875723184357,0 -74.58330268046585,6.184572747268294,0 -74.58332992575775,6.184285303385495,0 -74.58343477508376,6.184089469088732,0 -74.58354435887816,6.184020589464751,0 -74.58365959863207,6.183875679876183,0 -74.58388315498694,6.183809698276384,0 -74.58402309960627,6.183614447529499,0 -74.58420455089765,6.183409022046691,0 -74.58431620940354,6.183209329846002,0 -74.58444845856729,6.183139864217919,0 -74.58411416455701,6.18288266112265,0 -74.58404467783281,6.183063924204508,0 -74.58395661886424,6.1831205168808,0 -74.58355827722895,6.183571118131211,0 -74.58336490575992,6.183745673900361,0 -74.58316621306278,6.183818402047996,0 -74.58288345815356,6.183812850151638,0 -74.58277920252635,6.183822574175577,0 -74.58247582433397,6.184094018258952,0 -74.58236919928636,6.184138378066591,0 -74.58213322079627,6.184379303897058,0 -74.5819528988348,6.184691062000907,0 -74.58181754806601,6.185251689922437,0 -74.58165080730295,6.185694160059484,0 -74.58153978223918,6.186598709945352,0 -74.58154171867027,6.186784383163333,0 -74.58142591581529,6.187660168941201,0 -74.58140775172804,6.187826919997837,0 
					</coordinates>
				</LineString>
			</Placemark>
			<Placemark id="E3002578803D0DB8D204">
				<name>RUTA FIBRA LPR</name>
				<styleUrl>#__managed_style_319324B97A3D83034139</styleUrl>
				<LineString>
					<tessellate>1</tessellate>
					<coordinates>
						-74.58478731193237,6.186104160827995,0 -74.58567437303363,6.186269438231832,0 -74.58657563119174,6.186125525887776,0 -74.5870538018937,6.186023279139047,0 -74.58744930975438,6.185913301358007,0 
					</coordinates>
				</LineString>
			</Placemark>
		</Folder>
	</Folder>
	<Folder id="067E111E113D82397AE0">
		<name>Reservas</name>
		<styleUrl>#__managed_style_3182D936463D83034136</styleUrl>
		<Placemark id="03BED4D5553D8239E36C">
			<name>Reserva F.O</name>
			<LookAt>
				<longitude>-74.5841008743969</longitude>
				<latitude>6.182864765335863</latitude>
				<altitude>128.8300494691058</altitude>
				<heading>0</heading>
				<tilt>0</tilt>
				<gx:fovy>35</gx:fovy>
				<range>69.67867788967851</range>
				<altitudeMode>absolute</altitudeMode>
			</LookAt>
			<styleUrl>#__managed_style_0285F30D2B3D8303413B</styleUrl>
			<Point>
				<coordinates>-74.58408741242923,6.182849708722796,128.7193177030346</coordinates>
			</Point>
		</Placemark>
		<Placemark id="072AFB6D853D823CC7B0">
			<name>Reserva F.O</name>
			<LookAt>
				<longitude>-74.5834890394967</longitude>
				<latitude>6.185147507724214</latitude>
				<altitude>131.2472205477855</altitude>
				<heading>0</heading>
				<tilt>0</tilt>
				<gx:fovy>35</gx:fovy>
				<range>232.1828763544545</range>
				<altitudeMode>absolute</altitudeMode>
			</LookAt>
			<styleUrl>#__managed_style_0285F30D2B3D8303413B</styleUrl>
			<Point>
				<coordinates>-74.58358981005524,6.185196009410821,131.2472112691067</coordinates>
			</Point>
		</Placemark>
		<Placemark id="0CF1C0C4933D8244C406">
			<name>Reserva F.O</name>
			<LookAt>
				<longitude>-74.58326357865158</longitude>
				<latitude>6.189547887261725</latitude>
				<altitude>128.1557766524848</altitude>
				<heading>0</heading>
				<tilt>0</tilt>
				<gx:fovy>35</gx:fovy>
				<range>187.273391983781</range>
				<altitudeMode>absolute</altitudeMode>
			</LookAt>
			<styleUrl>#__managed_style_0285F30D2B3D8303413B</styleUrl>
			<Point>
				<coordinates>-74.58289688550984,6.1894628876283,128.8163695701149</coordinates>
			</Point>
		</Placemark>
		<Placemark id="07DB6595483D82478459">
			<name>Reserva F.O</name>
			<LookAt>
				<longitude>-74.58208766563934</longitude>
				<latitude>6.188098805868083</latitude>
				<altitude>130.0443565751128</altitude>
				<heading>0</heading>
				<tilt>0</tilt>
				<gx:fovy>35</gx:fovy>
				<range>96.6574672828483</range>
				<altitudeMode>absolute</altitudeMode>
			</LookAt>
			<styleUrl>#__managed_style_0285F30D2B3D8303413B</styleUrl>
			<Point>
				<coordinates>-74.58189223707487,6.187957413283685,129.5524777645835</coordinates>
			</Point>
		</Placemark>
		<Placemark id="0D0AA1680F3D824931A4">
			<name>Reserva F.O</name>
			<LookAt>
				<longitude>-74.58168970825291</longitude>
				<latitude>6.185602123513887</latitude>
				<altitude>129.1826715588193</altitude>
				<heading>0</heading>
				<tilt>0</tilt>
				<gx:fovy>35</gx:fovy>
				<range>111.711914890202</range>
				<altitudeMode>absolute</altitudeMode>
			</LookAt>
			<styleUrl>#__managed_style_0285F30D2B3D8303413B</styleUrl>
			<Point>
				<coordinates>-74.58167893463195,6.185638463953135,129.1904982609388</coordinates>
			</Point>
		</Placemark>
	</Folder>
	<Folder id="0E7564306D3D82481EAB">
		<name>Cartera de poste</name>
		<visibility>0</visibility>
		<styleUrl>#__managed_style_3182D936463D83034136</styleUrl>
		<Folder id="0DDC5138E73CF7B7413C">
			<name>Tramo #1</name>
			<styleUrl>#__managed_style_3182D936463D83034136</styleUrl>
			<Placemark id="096AB1B1203CF7B98F67">
				<name>Poste #2</name>
				<LookAt>
					<longitude>-74.58143817096894</longitude>
					<latitude>6.187668346217609</latitude>
					<altitude>128.2387216853462</altitude>
					<heading>13.62322718351923</heading>
					<tilt>0</tilt>
					<gx:fovy>35</gx:fovy>
					<range>127.127104448391</range>
					<altitudeMode>absolute</altitudeMode>
				</LookAt>
				<styleUrl>#__managed_style_35DF22C21A3D8303413B</styleUrl>
				<Point>
					<coordinates>-74.58143817096894,6.187668346217609,128.2387216853462</coordinates>
				</Point>
			</Placemark>
			<Placemark id="11BF7BDF3F3CF7B98F67">
				<name>Poste #3</name>
				<LookAt>
					<longitude>-74.58144280020092</longitude>
					<latitude>6.187598284883109</latitude>
					<altitude>128.2059399545452</altitude>
					<heading>277.6851602169747</heading>
					<tilt>0</tilt>
					<gx:fovy>35</gx:fovy>
					<range>71.76126631375155</range>
					<altitudeMode>absolute</altitudeMode>
				</LookAt>
				<styleUrl>#__managed_style_35DF22C21A3D8303413B</styleUrl>
				<Point>
					<coordinates>-74.58144280020092,6.187598284883109,128.2059399545452</coordinates>
				</Point>
			</Placemark>
			<Placemark id="2642B556043CF7B98F67">
				<name>Poste #4</name>
				<LookAt>
					<longitude>-74.58147365786634</longitude>
					<latitude>6.187333770392947</latitude>
					<altitude>128.301280831266</altitude>
					<heading>259.6270003468724</heading>
					<tilt>0</tilt>
					<gx:fovy>35</gx:fovy>
					<range>190.8927363670045</range>
					<altitudeMode>absolute</altitudeMode>
				</LookAt>
				<styleUrl>#__managed_style_35DF22C21A3D8303413B</styleUrl>
				<Point>
					<coordinates>-74.58147365786634,6.187333770392947,128.301280831266</coordinates>
				</Point>
			</Placemark>
			<Placemark id="311EE86BF13CF7B98F67">
				<name>Poste #5</name>
				<LookAt>
					<longitude>-74.58150119667371</longitude>
					<latitude>6.187155270239338</latitude>
					<altitude>128.4567013218529</altitude>
					<heading>230.6815833154044</heading>
					<tilt>0</tilt>
					<gx:fovy>35</gx:fovy>
					<range>100.7772565970481</range>
					<altitudeMode>absolute</altitudeMode>
				</LookAt>
				<styleUrl>#__managed_style_35DF22C21A3D8303413B</styleUrl>
				<Point>
					<coordinates>-74.58150119667371,6.187155270239338,128.4567013218529</coordinates>
				</Point>
			</Placemark>
			<Placemark id="43898DEBA73CF7B98F67">
				<name>Poste #6</name>
				<LookAt>
					<longitude>-74.58155089089561</longitude>
					<latitude>6.186843363636097</latitude>
					<altitude>128.6669135682035</altitude>
					<heading>230.6815482742413</heading>
					<tilt>0</tilt>
					<gx:fovy>35</gx:fovy>
					<range>386.7864338150684</range>
					<altitudeMode>absolute</altitudeMode>
				</LookAt>
				<styleUrl>#__managed_style_35DF22C21A3D8303413B</styleUrl>
				<Point>
					<coordinates>-74.58155089089561,6.186843363636097,128.6669135682035</coordinates>
				</Point>
			</Placemark>
			<Placemark id="5C8408D6B73CF7B98F67">
				<name>Poste #7</name>
				<LookAt>
					<longitude>-74.58158714290801</longitude>
					<latitude>6.18643049090961</latitude>
					<altitude>129.1964055242573</altitude>
					<heading>230.6815017049648</heading>
					<tilt>0</tilt>
					<gx:fovy>35</gx:fovy>
					<range>435.7619528526266</range>
					<altitudeMode>absolute</altitudeMode>
				</LookAt>
				<styleUrl>#__managed_style_35DF22C21A3D8303413B</styleUrl>
				<Point>
					<coordinates>-74.58158714290801,6.18643049090961,129.1964055242573</coordinates>
				</Point>
			</Placemark>
			<Placemark id="69A1A276CD3CF7B98F67">
				<name>Poste #8</name>
				<LookAt>
					<longitude>-74.58161286884257</longitude>
					<latitude>6.186304616474725</latitude>
					<altitude>129.4557217047272</altitude>
					<heading>230.6814863255839</heading>
					<tilt>0</tilt>
					<gx:fovy>35</gx:fovy>
					<range>210.4634261256069</range>
					<altitudeMode>absolute</altitudeMode>
				</LookAt>
				<styleUrl>#__managed_style_35DF22C21A3D8303413B</styleUrl>
				<Point>
					<coordinates>-74.58161286884257,6.186304616474725,129.4557217047272</coordinates>
				</Point>
			</Placemark>
			<Placemark id="764D37B5333CF7B98F67">
				<name>Poste #9</name>
				<LookAt>
					<longitude>-74.58163943471897</longitude>
					<latitude>6.186194120214059</latitude>
					<altitude>129.5561594874804</altitude>
					<heading>230.681466307012</heading>
					<tilt>0</tilt>
					<gx:fovy>35</gx:fovy>
					<range>228.8066881661143</range>
					<altitudeMode>absolute</altitudeMode>
				</LookAt>
				<styleUrl>#__managed_style_35DF22C21A3D8303413B</styleUrl>
				<Point>
					<coordinates>-74.58163943471897,6.186194120214059,129.5561594874804</coordinates>
				</Point>
			</Placemark>
			<Placemark id="8D057AD97E3CF7B98F67">
				<name>Poste #10</name>
				<LookAt>
					<longitude>-74.58165372050644</longitude>
					<latitude>6.186043242015369</latitude>
					<altitude>129.719898344067</altitude>
					<heading>230.6814591490848</heading>
					<tilt>0</tilt>
					<gx:fovy>35</gx:fovy>
					<range>302.5752388836191</range>
					<altitudeMode>absolute</altitudeMode>
				</LookAt>
				<styleUrl>#__managed_style_35DF22C21A3D8303413B</styleUrl>
				<Point>
					<coordinates>-74.58165372050644,6.186043242015369,129.719898344067</coordinates>
				</Point>
			</Placemark>
			<Placemark id="9B7EBD0AB93CF7B98F67">
				<name>Poste #11</name>
				<LookAt>
					<longitude>-74.58169516777012</longitude>
					<latitude>6.185751254034206</latitude>
					<altitude>129.4756999918551</altitude>
					<heading>230.6814306413855</heading>
					<tilt>0</tilt>
					<gx:fovy>35</gx:fovy>
					<range>240.5903419238166</range>
					<altitudeMode>absolute</altitudeMode>
				</LookAt>
				<styleUrl>#__managed_style_35DF22C21A3D8303413B</styleUrl>
				<Point>
					<coordinates>-74.58169516777012,6.185751254034206,129.4756999918551</coordinates>
				</Point>
			</Placemark>
			<Placemark id="A8FF62306D3CF7B98F67">
				<name>Poste #12</name>
				<LookAt>
					<longitude>-74.58165542740548</longitude>
					<latitude>6.185652279938181</latitude>
					<altitude>129.1478030589461</altitude>
					<heading>194.079761860786</heading>
					<tilt>0</tilt>
					<gx:fovy>35</gx:fovy>
					<range>140.5402129738832</range>
					<altitudeMode>absolute</altitudeMode>
				</LookAt>
				<styleUrl>#__managed_style_0B3851B65B3D8303413C</styleUrl>
				<Point>
					<coordinates>-74.58165542740548,6.185652279938181,129.1478030589461</coordinates>
				</Point>
			</Placemark>
			<Placemark id="BDE869FA6C3CF7B98F67">
				<name>Poste #13</name>
				<LookAt>
					<longitude>-74.58173842176164</longitude>
					<latitude>6.185445533569609</latitude>
					<altitude>128.9244429855017</altitude>
					<heading>194.3439944355824</heading>
					<tilt>0</tilt>
					<gx:fovy>35</gx:fovy>
					<range>191.6913553193445</range>
					<altitudeMode>absolute</altitudeMode>
				</LookAt>
				<styleUrl>#__managed_style_35DF22C21A3D8303413B</styleUrl>
				<Point>
					<coordinates>-74.58173842176164,6.185445533569609,128.9244429855017</coordinates>
				</Point>
			</Placemark>
			<Placemark id="CA8F0E3C9B3CF7B98F67">
				<name>Poste #14</name>
				<LookAt>
					<longitude>-74.58183215869397</longitude>
					<latitude>6.185135396592947</latitude>
					<altitude>128.3187844824383</altitude>
					<heading>186.2551792036917</heading>
					<tilt>0</tilt>
					<gx:fovy>35</gx:fovy>
					<range>216.3134290264134</range>
					<altitudeMode>absolute</altitudeMode>
				</LookAt>
				<styleUrl>#__managed_style_35DF22C21A3D8303413B</styleUrl>
				<Point>
					<coordinates>-74.5818266609664,6.185130649423155,128.3187844824383</coordinates>
				</Point>
			</Placemark>
			<Placemark id="DAC0CB80DE3CF7B98F67">
				<name>Poste #15</name>
				<LookAt>
					<longitude>-74.58185179302103</longitude>
					<latitude>6.184982092484343</latitude>
					<altitude>127.9426302697446</altitude>
					<heading>186.2551526629981</heading>
					<tilt>0</tilt>
					<gx:fovy>35</gx:fovy>
					<range>234.3593224671349</range>
					<altitudeMode>absolute</altitudeMode>
				</LookAt>
				<styleUrl>#__managed_style_35DF22C21A3D8303413B</styleUrl>
				<Point>
					<coordinates>-74.58185179302103,6.184982092484343,127.9426302697446</coordinates>
				</Point>
			</Placemark>
			<Placemark id="E13BC23EAE3CF7B98F67">
				<name>Poste #16</name>
				<LookAt>
					<longitude>-74.58196504923146</longitude>
					<latitude>6.184703675432415</latitude>
					<altitude>127.7580885317226</altitude>
					<heading>186.255109483362</heading>
					<tilt>0</tilt>
					<gx:fovy>35</gx:fovy>
					<range>297.4423972622026</range>
					<altitudeMode>absolute</altitudeMode>
				</LookAt>
				<styleUrl>#__managed_style_35DF22C21A3D8303413B</styleUrl>
				<Point>
					<coordinates>-74.58196504923146,6.184703675432415,127.7580885317226</coordinates>
				</Point>
			</Placemark>
			<Placemark id="F25E83C6DC3CF7B98F67">
				<name>Poste #17</name>
				<LookAt>
					<longitude>-74.58214282489482</longitude>
					<latitude>6.184371796007149</latitude>
					<altitude>127.212638712216</altitude>
					<heading>186.255050554266</heading>
					<tilt>0</tilt>
					<gx:fovy>35</gx:fovy>
					<range>372.3219430274185</range>
					<altitudeMode>absolute</altitudeMode>
				</LookAt>
				<styleUrl>#__managed_style_35DF22C21A3D8303413B</styleUrl>
				<Point>
					<coordinates>-74.58214282489482,6.184371796007149,127.212638712216</coordinates>
				</Point>
			</Placemark>
			<Placemark id="10B250FBED33CF7B98F67">
				<name>Poste #18</name>
				<LookAt>
					<longitude>-74.58247809585826</longitude>
					<latitude>6.184119881696284</latitude>
					<altitude>127.9407559568128</altitude>
					<heading>186.2549952502482</heading>
					<tilt>0</tilt>
					<gx:fovy>35</gx:fovy>
					<range>478.1050627677906</range>
					<altitudeMode>absolute</altitudeMode>
				</LookAt>
				<styleUrl>#__managed_style_35DF22C21A3D8303413B</styleUrl>
				<Point>
					<coordinates>-74.58247809585826,6.184119881696284,127.9407559568128</coordinates>
				</Point>
			</Placemark>
			<Placemark id="11C43E44C003CF7B98F67">
				<name>Poste #19</name>
				<LookAt>
					<longitude>-74.58277587092513</longitude>
					<latitude>6.183848356228641</latitude>
					<altitude>128.5657246693953</altitude>
					<heading>186.254942703104</heading>
					<tilt>0</tilt>
					<gx:fovy>35</gx:fovy>
					<range>225.6411380007557</range>
					<altitudeMode>absolute</altitudeMode>
				</LookAt>
				<styleUrl>#__managed_style_35DF22C21A3D8303413B</styleUrl>
				<Point>
					<coordinates>-74.58277587092513,6.18384835622864,128.5657246693953</coordinates>
				</Point>
			</Placemark>
			<Placemark id="128F828E2443CF7B98F67">
				<name>Poste #20</name>
				<LookAt>
					<longitude>-74.58293075230148</longitude>
					<latitude>6.18378119307009</latitude>
					<altitude>128.5177442589364</altitude>
					<heading>213.5251577582009</heading>
					<tilt>0</tilt>
					<gx:fovy>35</gx:fovy>
					<range>262.5537132083264</range>
					<altitudeMode>absolute</altitudeMode>
				</LookAt>
				<styleUrl>#__managed_style_3D64B0B6CE3D8303413C</styleUrl>
				<Point>
					<coordinates>-74.58293075230148,6.18378119307009,128.5177442589364</coordinates>
				</Point>
			</Placemark>
			<Placemark id="13C952609093CF7B98F67">
				<name>Poste #21</name>
				<LookAt>
					<longitude>-74.58316906587552</longitude>
					<latitude>6.183815470531301</latitude>
					<altitude>129.5137168851057</altitude>
					<heading>-159.2216708885131</heading>
					<tilt>26.9058214636249</tilt>
					<gx:fovy>35</gx:fovy>
					<range>225.2087135295005</range>
					<altitudeMode>absolute</altitudeMode>
				</LookAt>
				<styleUrl>#__managed_style_3D64B0B6CE3D8303413C</styleUrl>
				<Point>
					<coordinates>-74.58316906587552,6.183815470531301,129.5137168851057</coordinates>
				</Point>
			</Placemark>
			<Placemark id="14F8D4066073CF7B98F67">
				<name>Poste #22</name>
				<LookAt>
					<longitude>-74.58337452414168</longitude>
					<latitude>6.183727529451879</latitude>
					<altitude>129.6192261116348</altitude>
					<heading>-107.3804998393989</heading>
					<tilt>26.90570118555075</tilt>
					<gx:fovy>35</gx:fovy>
					<range>195.6523606947303</range>
					<altitudeMode>absolute</altitudeMode>
				</LookAt>
				<styleUrl>#__managed_style_3D64B0B6CE3D8303413C</styleUrl>
				<Point>
					<coordinates>-74.58337452414168,6.183727529451879,129.6192261116348</coordinates>
				</Point>
			</Placemark>
			<Placemark id="15A76244A7E3CF7B98F67">
				<name>Poste #23</name>
				<LookAt>
					<longitude>-74.58357581989479</longitude>
					<latitude>6.183545594120134</latitude>
					<altitude>129.3178918138472</altitude>
					<heading>-130.0823331507927</heading>
					<tilt>26.90592395760459</tilt>
					<gx:fovy>35</gx:fovy>
					<range>250.3950690705824</range>
					<altitudeMode>absolute</altitudeMode>
				</LookAt>
				<styleUrl>#__managed_style_3D64B0B6CE3D8303413C</styleUrl>
				<Point>
					<coordinates>-74.58357581989479,6.183545594120134,129.3178918138472</coordinates>
				</Point>
			</Placemark>
			<Placemark id="168067049E93CF7B98F67">
				<name>Poste #24</name>
				<LookAt>
					<longitude>-74.58376797717702</longitude>
					<latitude>6.183328274664092</latitude>
					<altitude>129.0070786107093</altitude>
					<heading>-130.0823538485229</heading>
					<tilt>26.90592537607181</tilt>
					<gx:fovy>35</gx:fovy>
					<range>250.7436138097546</range>
					<altitudeMode>absolute</altitudeMode>
				</LookAt>
				<styleUrl>#__managed_style_3D64B0B6CE3D8303413C</styleUrl>
				<Point>
					<coordinates>-74.58376797717702,6.183328274664092,129.0070786107093</coordinates>
				</Point>
			</Placemark>
			<Placemark id="17319B7C89F3CF7B98F67">
				<name>Poste #25</name>
				<LookAt>
					<longitude>-74.58389681162109</longitude>
					<latitude>6.183192094220293</latitude>
					<altitude>128.9136847725799</altitude>
					<heading>-116.0099260729868</heading>
					<tilt>26.90618195956805</tilt>
					<gx:fovy>35</gx:fovy>
					<range>313.7949352936994</range>
					<altitudeMode>absolute</altitudeMode>
				</LookAt>
				<styleUrl>#__managed_style_3D64B0B6CE3D8303413C</styleUrl>
				<Point>
					<coordinates>-74.58388927524851,6.183197958698051,128.9136847725799</coordinates>
				</Point>
			</Placemark>
			<Placemark id="18E0849301F3CF7B98F67">
				<name>Poste #26</name>
				<LookAt>
					<longitude>-74.5840412952369</longitude>
					<latitude>6.183048909587626</latitude>
					<altitude>129.092444293714</altitude>
					<heading>-116.0098694561005</heading>
					<tilt>26.90559791521575</tilt>
					<gx:fovy>35</gx:fovy>
					<range>170.2754157541131</range>
					<altitudeMode>absolute</altitudeMode>
				</LookAt>
				<styleUrl>#__managed_style_3D64B0B6CE3D8303413C</styleUrl>
				<Point>
					<coordinates>-74.5840412952369,6.183048909587626,129.092444293714</coordinates>
				</Point>
			</Placemark>
			<Placemark id="19AF883DEC33CF7B98F67">
				<name>Poste #27</name>
				<LookAt>
					<longitude>-74.5841208523191</longitude>
					<latitude>6.182790936183971</latitude>
					<altitude>128.6489070774286</altitude>
					<heading>-174.1639685209424</heading>
					<tilt>26.90638733425273</tilt>
					<gx:fovy>35</gx:fovy>
					<range>364.2625122900427</range>
					<altitudeMode>absolute</altitudeMode>
				</LookAt>
				<styleUrl>#__managed_style_3D64B0B6CE3D8303413C</styleUrl>
				<Point>
					<coordinates>-74.58412345429002,6.182876445372619,128.6489070774286</coordinates>
				</Point>
			</Placemark>
			<Placemark id="27BF225775A3CF7B98F67">
				<name>Poste #28</name>
				<LookAt>
					<longitude>-74.58450316546524</longitude>
					<latitude>6.183098580969646</latitude>
					<altitude>132.4520148407348</altitude>
					<heading>6.868462659073121</heading>
					<tilt>0.07413564048513084</tilt>
					<gx:fovy>35</gx:fovy>
					<range>269.7185813208125</range>
					<altitudeMode>absolute</altitudeMode>
				</LookAt>
				<styleUrl>#__managed_style_3D64B0B6CE3D8303413C</styleUrl>
				<Point>
					<coordinates>-74.58450316546524,6.183098580969646,132.4520148407348</coordinates>
				</Point>
			</Placemark>
			<Placemark id="28E57D559153CF7B98F67">
				<name>Poste #29</name>
				<LookAt>
					<longitude>-74.58430722349527</longitude>
					<latitude>6.183195404599968</latitude>
					<altitude>131.4508808005661</altitude>
					<heading>6.868483194664244</heading>
					<tilt>0.07413527421831223</tilt>
					<gx:fovy>35</gx:fovy>
					<range>239.1715483566077</range>
					<altitudeMode>absolute</altitudeMode>
				</LookAt>
				<styleUrl>#__managed_style_3D64B0B6CE3D8303413C</styleUrl>
				<Point>
					<coordinates>-74.58430722349527,6.183195404599968,131.4508808005661</coordinates>
				</Point>
			</Placemark>
			<Placemark id="29DFAE5864E3CF7B98F67">
				<name>Poste #30</name>
				<LookAt>
					<longitude>-74.58422330719738</longitude>
					<latitude>6.183405948971988</latitude>
					<altitude>131.684430611888</altitude>
					<heading>6.868542444373307</heading>
					<tilt>0.07413479760464924</tilt>
					<gx:fovy>35</gx:fovy>
					<range>204.9704973205372</range>
					<altitudeMode>absolute</altitudeMode>
				</LookAt>
				<styleUrl>#__managed_style_3D64B0B6CE3D8303413C</styleUrl>
				<Point>
					<coordinates>-74.58422330719738,6.183405948971988,131.684430611888</coordinates>
				</Point>
			</Placemark>
			<Placemark id="2AD8B29C9113CF7B98F67">
				<name>Poste #31</name>
				<LookAt>
					<longitude>-74.58399125488346</longitude>
					<latitude>6.183630022332307</latitude>
					<altitude>131.2036844165403</altitude>
					<heading>6.868565044624675</heading>
					<tilt>0.07413509755889297</tilt>
					<gx:fovy>35</gx:fovy>
					<range>233.5753633463901</range>
					<altitudeMode>absolute</altitudeMode>
				</LookAt>
				<styleUrl>#__managed_style_3D64B0B6CE3D8303413C</styleUrl>
				<Point>
					<coordinates>-74.58399125488346,6.183630022332307,131.2036844165403</coordinates>
				</Point>
			</Placemark>
			<Placemark id="2BB442B80BC3CF7B98F67">
				<name>Poste #32</name>
				<LookAt>
					<longitude>-74.58388085398437</longitude>
					<latitude>6.183782530944528</latitude>
					<altitude>131.6351090143075</altitude>
					<heading>9.950352726907317</heading>
					<tilt>0.07413386106882748</tilt>
					<gx:fovy>35</gx:fovy>
					<range>129.0316657317817</range>
					<altitudeMode>absolute</altitudeMode>
				</LookAt>
				<styleUrl>#__managed_style_3D64B0B6CE3D8303413C</styleUrl>
				<Point>
					<coordinates>-74.58388085398437,6.183782530944528,131.6351090143075</coordinates>
				</Point>
			</Placemark>
			<Placemark id="2CDB28E1B0C3CF7B98F67">
				<name>Poste #33</name>
				<LookAt>
					<longitude>-74.58365978127495</longitude>
					<latitude>6.183879471331006</latitude>
					<altitude>131.3867040183492</altitude>
					<heading>9.95037463193135</heading>
					<tilt>0.07413607151566572</tilt>
					<gx:fovy>35</gx:fovy>
					<range>320.3039700547016</range>
					<altitudeMode>absolute</altitudeMode>
				</LookAt>
				<styleUrl>#__managed_style_3D64B0B6CE3D8303413C</styleUrl>
				<Point>
					<coordinates>-74.58365978127495,6.183879471331006,131.3867040183492</coordinates>
				</Point>
			</Placemark>
			<Placemark id="2D6B345267D3CF7B98F67">
				<name>Poste #34</name>
				<LookAt>
					<longitude>-74.58344511283876</longitude>
					<latitude>6.184054220580176</latitude>
					<altitude>131.4105288830104</altitude>
					<heading>9.950392331364743</heading>
					<tilt>0.07413626080726524</tilt>
					<gx:fovy>35</gx:fovy>
					<range>337.5011693396664</range>
					<altitudeMode>absolute</altitudeMode>
				</LookAt>
				<styleUrl>#__managed_style_3D64B0B6CE3D8303413C</styleUrl>
				<Point>
					<coordinates>-74.58344511283876,6.184054220580176,131.4105288830104</coordinates>
				</Point>
			</Placemark>
			<Placemark id="2E0AB0910ED3CF7B98F67">
				<name>Poste #35</name>
				<LookAt>
					<longitude>-74.5833111894645</longitude>
					<latitude>6.184471512728419</latitude>
					<altitude>131.3535664384023</altitude>
					<heading>11.76088844691306</heading>
					<tilt>0.07413638850409639</tilt>
					<gx:fovy>35</gx:fovy>
					<range>353.8447144626116</range>
					<altitudeMode>absolute</altitudeMode>
				</LookAt>
				<styleUrl>#__managed_style_3D64B0B6CE3D8303413C</styleUrl>
				<Point>
					<coordinates>-74.5833111894645,6.184471512728419,131.3535664384023</coordinates>
				</Point>
			</Placemark>
			<Placemark id="2F48CC8CF683CF7B98F67">
				<name>Poste #36</name>
				<LookAt>
					<longitude>-74.58338048612571</longitude>
					<latitude>6.184809536277092</latitude>
					<altitude>131.5533318373582</altitude>
					<heading>11.76085795808986</heading>
					<tilt>1.117058413892889</tilt>
					<gx:fovy>35</gx:fovy>
					<range>253.2576184795107</range>
					<altitudeMode>absolute</altitudeMode>
				</LookAt>
				<styleUrl>#__managed_style_3D64B0B6CE3D8303413C</styleUrl>
				<Point>
					<coordinates>-74.58338048612571,6.184809536277092,131.5533318373582</coordinates>
				</Point>
			</Placemark>
			<Placemark id="3041DF76A523CF7B98F67">
				<name>Poste #37</name>
				<LookAt>
					<longitude>-74.58339361216419</longitude>
					<latitude>6.185060172480617</latitude>
					<altitude>131.2870123056002</altitude>
					<heading>348.7218415903101</heading>
					<tilt>0</tilt>
					<gx:fovy>35</gx:fovy>
					<range>264.8439149786645</range>
					<altitudeMode>absolute</altitudeMode>
				</LookAt>
				<styleUrl>#__managed_style_3D64B0B6CE3D8303413C</styleUrl>
				<Point>
					<coordinates>-74.58339361216419,6.185060172480617,131.2870123056002</coordinates>
				</Point>
			</Placemark>
			<Placemark id="31A0E1BFD5F3CF7B98F67">
				<name>Poste #38</name>
				<LookAt>
					<longitude>-74.5834744870488</longitude>
					<latitude>6.185162338936703</latitude>
					<altitude>131.2472247521206</altitude>
					<heading>312.8647762417986</heading>
					<tilt>0</tilt>
					<gx:fovy>35</gx:fovy>
					<range>230.2792074086392</range>
					<altitudeMode>absolute</altitudeMode>
				</LookAt>
				<styleUrl>#__managed_style_3D64B0B6CE3D8303413C</styleUrl>
				<Point>
					<coordinates>-74.5834744870488,6.185162338936703,131.2472247521206</coordinates>
				</Point>
			</Placemark>
			<Placemark id="32F35EF680A3CF7B98F67">
				<name>Poste #39</name>
				<LookAt>
					<longitude>-74.58367831091142</longitude>
					<latitude>6.185164837215669</latitude>
					<altitude>131.2472127898537</altitude>
					<heading>312.8647132081973</heading>
					<tilt>0</tilt>
					<gx:fovy>35</gx:fovy>
					<range>314.1316131019994</range>
					<altitudeMode>absolute</altitudeMode>
				</LookAt>
				<styleUrl>#__managed_style_3D64B0B6CE3D8303413C</styleUrl>
				<Point>
					<coordinates>-74.58358168227841,6.185247842530918,131.2472127898537</coordinates>
				</Point>
			</Placemark>
			<Placemark id="34FD98772F23CF7B98F67">
				<name>Poste #40</name>
				<LookAt>
					<longitude>-74.58393723828188</longitude>
					<latitude>6.184839340264308</latitude>
					<altitude>131.6741846742736</altitude>
					<heading>234.2449752393585</heading>
					<tilt>0</tilt>
					<gx:fovy>35</gx:fovy>
					<range>191.2838235898016</range>
					<altitudeMode>absolute</altitudeMode>
				</LookAt>
				<styleUrl>#__managed_style_3D64B0B6CE3D8303413C</styleUrl>
				<Point>
					<coordinates>-74.58357040456177,6.1853853325864,131.6741846742736</coordinates>
				</Point>
			</Placemark>
			<Placemark id="35E1B69FF0D3CF7B98F67">
				<name>Poste #41</name>
				<LookAt>
					<longitude>-74.58418551407382</longitude>
					<latitude>6.184866206959018</latitude>
					<altitude>131.8964826183833</altitude>
					<heading>287.7253392644865</heading>
					<tilt>0</tilt>
					<gx:fovy>35</gx:fovy>
					<range>326.6152767155654</range>
					<altitudeMode>absolute</altitudeMode>
				</LookAt>
				<styleUrl>#__managed_style_3D64B0B6CE3D8303413C</styleUrl>
				<Point>
					<coordinates>-74.58352657574166,6.185533828866919,131.8964826183833</coordinates>
				</Point>
			</Placemark>
			<Placemark id="36004615DD23CF7B98F67">
				<name>Poste #42</name>
				<LookAt>
					<longitude>-74.58447005736633</longitude>
					<latitude>6.185065206608132</latitude>
					<altitude>132.7142562141873</altitude>
					<heading>311.6515030160154</heading>
					<tilt>0</tilt>
					<gx:fovy>35</gx:fovy>
					<range>418.8112936920517</range>
					<altitudeMode>absolute</altitudeMode>
				</LookAt>
				<styleUrl>#__managed_style_3D64B0B6CE3D8303413C</styleUrl>
				<Point>
					<coordinates>-74.58349613979594,6.185737464783852,132.7142562141873</coordinates>
				</Point>
			</Placemark>
			<Placemark id="3FE03587DB53CF7B98F67">
				<name>Poste #43</name>
				<LookAt>
					<longitude>-74.58349296911366</longitude>
					<latitude>6.185934255478033</latitude>
					<altitude>129.2555539118637</altitude>
					<heading>14.74000978809504</heading>
					<tilt>0</tilt>
					<gx:fovy>35</gx:fovy>
					<range>270.722264083488</range>
					<altitudeMode>absolute</altitudeMode>
				</LookAt>
				<styleUrl>#__managed_style_3D64B0B6CE3D8303413C</styleUrl>
				<Point>
					<coordinates>-74.58349296911366,6.185934255478033,129.2555539118637</coordinates>
				</Point>
			</Placemark>
			<Placemark id="3E192FE3D2B3CF7B98F67">
				<name>Poste #44</name>
				<LookAt>
					<longitude>-74.58395945516295</longitude>
					<latitude>6.186008753540373</latitude>
					<altitude>129.6791681566029</altitude>
					<heading>14.73987290575311</heading>
					<tilt>0</tilt>
					<gx:fovy>35</gx:fovy>
					<range>297.2839783705786</range>
					<altitudeMode>absolute</altitudeMode>
				</LookAt>
				<styleUrl>#__managed_style_3D64B0B6CE3D8303413C</styleUrl>
				<Point>
					<coordinates>-74.58395945516295,6.186008753540373,129.6791681566029</coordinates>
				</Point>
			</Placemark>
			<Placemark id="3D725F383273CF7B98F67">
				<name>Poste #45</name>
				<LookAt>
					<longitude>-74.58406151469551</longitude>
					<latitude>6.186021232604857</latitude>
					<altitude>129.7895233913684</altitude>
					<heading>55.44399161538928</heading>
					<tilt>0</tilt>
					<gx:fovy>35</gx:fovy>
					<range>104.3110176946357</range>
					<altitudeMode>absolute</altitudeMode>
				</LookAt>
				<styleUrl>#__managed_style_3D64B0B6CE3D8303413C</styleUrl>
				<Point>
					<coordinates>-74.58406151469551,6.186021232604857,129.7895233913684</coordinates>
				</Point>
			</Placemark>
			<Placemark id="3C68D8BA5403CF7B98F67">
				<name>Poste #46</name>
				<LookAt>
					<longitude>-74.58422332306948</longitude>
					<latitude>6.186026987372021</latitude>
					<altitude>130.285679859579</altitude>
					<heading>55.44399806008558</heading>
					<tilt>0.07292429642838147</tilt>
					<gx:fovy>35</gx:fovy>
					<range>465.0703980846448</range>
					<altitudeMode>absolute</altitudeMode>
				</LookAt>
				<styleUrl>#__managed_style_3D64B0B6CE3D8303413C</styleUrl>
				<Point>
					<coordinates>-74.58422332306948,6.186026987372021,130.285679859579</coordinates>
				</Point>
			</Placemark>
			<Placemark id="3B27F5289793CF7B98F67">
				<name>Poste #47</name>
				<LookAt>
					<longitude>-74.58453222901353</longitude>
					<latitude>6.186055374780675</latitude>
					<altitude>130.3453794946415</altitude>
					<heading>16.18833882788294</heading>
					<tilt>0</tilt>
					<gx:fovy>35</gx:fovy>
					<range>205.36173519773</range>
					<altitudeMode>absolute</altitudeMode>
				</LookAt>
				<styleUrl>#__managed_style_3D64B0B6CE3D8303413C</styleUrl>
				<Point>
					<coordinates>-74.58453222901353,6.186055374780674,130.3453794946415</coordinates>
				</Point>
			</Placemark>
			<Placemark id="401C4C2A0233CF7B98F67">
				<name>Poste #48</name>
				<LookAt>
					<longitude>-74.58478128553078</longitude>
					<latitude>6.186096842039459</latitude>
					<altitude>130.6052577177494</altitude>
					<heading>-51.40138141320237</heading>
					<tilt>0.07579882906506213</tilt>
					<gx:fovy>35</gx:fovy>
					<range>170.6013043899111</range>
					<altitudeMode>absolute</altitudeMode>
				</LookAt>
				<styleUrl>#__managed_style_60458D20B93D8303413C</styleUrl>
				<Point>
					<coordinates>-74.58478128553078,6.186096842039459,130.6052577177494</coordinates>
				</Point>
			</Placemark>
			<Placemark id="410EB496C273CF7B98F67">
				<name>Poste #49</name>
				<LookAt>
					<longitude>-74.5847655401284</longitude>
					<latitude>6.186253319633418</latitude>
					<altitude>130.1424211182491</altitude>
					<heading>10.17775241887396</heading>
					<tilt>0</tilt>
					<gx:fovy>35</gx:fovy>
					<range>294.4647710724531</range>
					<altitudeMode>absolute</altitudeMode>
				</LookAt>
				<styleUrl>#__managed_style_3D64B0B6CE3D8303413C</styleUrl>
				<Point>
					<coordinates>-74.5847655401284,6.186253319633418,130.1424211182491</coordinates>
				</Point>
			</Placemark>
			<Placemark id="4238A11FD783CF7B98F67">
				<name>Poste #50</name>
				<LookAt>
					<longitude>-74.58473079368672</longitude>
					<latitude>6.186481454254928</latitude>
					<altitude>129.468308141336</altitude>
					<heading>10.17775386357253</heading>
					<tilt>0</tilt>
					<gx:fovy>35</gx:fovy>
					<range>253.7720452973008</range>
					<altitudeMode>absolute</altitudeMode>
				</LookAt>
				<styleUrl>#__managed_style_3D64B0B6CE3D8303413C</styleUrl>
				<Point>
					<coordinates>-74.58473079368672,6.186481454254928,129.468308141336</coordinates>
				</Point>
			</Placemark>
			<Placemark id="43A473551853CF7B98F67">
				<name>Poste #51</name>
				<LookAt>
					<longitude>-74.58472027944769</longitude>
					<latitude>6.186579005946309</latitude>
					<altitude>129.206681721201</altitude>
					<heading>10.17775499635695</heading>
					<tilt>0</tilt>
					<gx:fovy>35</gx:fovy>
					<range>254.0336740388739</range>
					<altitudeMode>absolute</altitudeMode>
				</LookAt>
				<styleUrl>#__managed_style_3D64B0B6CE3D8303413C</styleUrl>
				<Point>
					<coordinates>-74.58472027944769,6.186579005946309,129.206681721201</coordinates>
				</Point>
			</Placemark>
			<Placemark id="441A95CAB653CF7B98F67">
				<name>Poste #52</name>
				<LookAt>
					<longitude>-74.58456375263707</longitude>
					<latitude>6.187577085022597</latitude>
					<altitude>127.5283403149443</altitude>
					<heading>89.6345774711848</heading>
					<tilt>0</tilt>
					<gx:fovy>35</gx:fovy>
					<range>383.7781668389653</range>
					<altitudeMode>absolute</altitudeMode>
				</LookAt>
				<styleUrl>#__managed_style_3D64B0B6CE3D8303413C</styleUrl>
				<Point>
					<coordinates>-74.58456375263707,6.187577085022597,127.5283403149443</coordinates>
				</Point>
			</Placemark>
			<Placemark id="45A00C3753E3CF7B98F67">
				<name>Poste #53</name>
				<LookAt>
					<longitude>-74.5845578717323</longitude>
					<latitude>6.18764245775995</latitude>
					<altitude>127.331117655947</altitude>
					<heading>-1.356277735794337</heading>
					<tilt>15.1322649448711</tilt>
					<gx:fovy>35</gx:fovy>
					<range>143.2582848172024</range>
					<altitudeMode>absolute</altitudeMode>
				</LookAt>
				<styleUrl>#__managed_style_3D64B0B6CE3D8303413C</styleUrl>
				<Point>
					<coordinates>-74.5845578717323,6.18764245775995,127.331117655947</coordinates>
				</Point>
			</Placemark>
			<Placemark id="46FA880D5B13CF7B98F67">
				<name>Poste #54</name>
				<LookAt>
					<longitude>-74.58435411961325</longitude>
					<latitude>6.187608193631598</latitude>
					<altitude>127.5537646871834</altitude>
					<heading>65.61957095605611</heading>
					<tilt>15.13269857355621</tilt>
					<gx:fovy>35</gx:fovy>
					<range>327.9732290844549</range>
					<altitudeMode>absolute</altitudeMode>
				</LookAt>
				<styleUrl>#__managed_style_3D64B0B6CE3D8303413C</styleUrl>
				<Point>
					<coordinates>-74.58435411961325,6.187608193631598,127.5537646871834</coordinates>
				</Point>
			</Placemark>
			<Placemark id="47C147C36873CF7B98F67">
				<name>Poste #55</name>
				<LookAt>
					<longitude>-74.58402816085311</longitude>
					<latitude>6.187631868569385</latitude>
					<altitude>127.7925945109679</altitude>
					<heading>65.619633903009</heading>
					<tilt>15.13291514356627</tilt>
					<gx:fovy>35</gx:fovy>
					<range>420.2264251985617</range>
					<altitudeMode>absolute</altitudeMode>
				</LookAt>
				<styleUrl>#__managed_style_3D64B0B6CE3D8303413C</styleUrl>
				<Point>
					<coordinates>-74.5839491821544,6.187539644524764,127.7925945109679</coordinates>
				</Point>
			</Placemark>
			<Placemark id="489857B4C213CF7B98F67">
				<name>Poste #56</name>
				<LookAt>
					<longitude>-74.58375413751421</longitude>
					<latitude>6.187541715897547</latitude>
					<altitude>128.4655662952619</altitude>
					<heading>65.6196255823897</heading>
					<tilt>15.1324868909154</tilt>
					<gx:fovy>35</gx:fovy>
					<range>237.8019840104389</range>
					<altitudeMode>absolute</altitudeMode>
				</LookAt>
				<styleUrl>#__managed_style_3D64B0B6CE3D8303413C</styleUrl>
				<Point>
					<coordinates>-74.58375413751421,6.187541715897547,128.4655662952619</coordinates>
				</Point>
			</Placemark>
			<Placemark id="4965DEAB9EB3CF7B98F67">
				<name>Poste #57</name>
				<LookAt>
					<longitude>-74.58372390297841</longitude>
					<latitude>6.187783098791564</latitude>
					<altitude>128.373396350097</altitude>
					<heading>-0.9932366378920063</heading>
					<tilt>15.13257239720518</tilt>
					<gx:fovy>35</gx:fovy>
					<range>274.2256045819159</range>
					<altitudeMode>absolute</altitudeMode>
				</LookAt>
				<styleUrl>#__managed_style_3D64B0B6CE3D8303413C</styleUrl>
				<Point>
					<coordinates>-74.58372390297841,6.187783098791564,128.373396350097</coordinates>
				</Point>
			</Placemark>
			<Placemark id="4A3C6C4559E3CF7B98F67">
				<name>Poste #58</name>
				<LookAt>
					<longitude>-74.58376669805303</longitude>
					<latitude>6.187875595140592</latitude>
					<altitude>128.1867269271271</altitude>
					<heading>-0.9932359149945438</heading>
					<tilt>15.13218774263006</tilt>
					<gx:fovy>35</gx:fovy>
					<range>110.3728870311897</range>
					<altitudeMode>absolute</altitudeMode>
				</LookAt>
				<styleUrl>#__managed_style_3D64B0B6CE3D8303413C</styleUrl>
				<Point>
					<coordinates>-74.58376669805303,6.187875595140592,128.1867269271271</coordinates>
				</Point>
			</Placemark>
			<Placemark id="4BF4079BCC93CF7B98F67">
				<name>Poste #59</name>
				<LookAt>
					<longitude>-74.58372608542069</longitude>
					<latitude>6.188154428842257</latitude>
					<altitude>128.0954827872893</altitude>
					<heading>-0.05931876668984471</heading>
					<tilt>2.613951864915942</tilt>
					<gx:fovy>35</gx:fovy>
					<range>274.5288834695384</range>
					<altitudeMode>absolute</altitudeMode>
				</LookAt>
				<styleUrl>#__managed_style_3D64B0B6CE3D8303413C</styleUrl>
				<Point>
					<coordinates>-74.58372608542069,6.188154428842257,128.0954827872893</coordinates>
				</Point>
			</Placemark>
			<Placemark id="4CD5387FEB03CF7B98F67">
				<name>Poste #60</name>
				<LookAt>
					<longitude>-74.58368867526515</longitude>
					<latitude>6.188372596301246</latitude>
					<altitude>127.9547844888282</altitude>
					<heading>-12.11979883118488</heading>
					<tilt>0.2061900436832616</tilt>
					<gx:fovy>35</gx:fovy>
					<range>212.2324100415426</range>
					<altitudeMode>absolute</altitudeMode>
				</LookAt>
				<styleUrl>#__managed_style_3D64B0B6CE3D8303413C</styleUrl>
				<Point>
					<coordinates>-74.58368867526515,6.188372596301246,127.9547844888282</coordinates>
				</Point>
			</Placemark>
			<Placemark id="4DAF186C4BB3CF7B98F67">
				<name>Poste #61</name>
				<LookAt>
					<longitude>-74.58367871832606</longitude>
					<latitude>6.18853531975101</latitude>
					<altitude>127.8662052013988</altitude>
					<heading>7.798625211864095</heading>
					<tilt>0.2061940207901582</tilt>
					<gx:fovy>35</gx:fovy>
					<range>335.4316414928326</range>
					<altitudeMode>absolute</altitudeMode>
				</LookAt>
				<styleUrl>#__managed_style_3D64B0B6CE3D8303413C</styleUrl>
				<Point>
					<coordinates>-74.58367871832606,6.18853531975101,127.8662052013988</coordinates>
				</Point>
			</Placemark>
			<Placemark id="4EFC74CF43C3CF7B98F67">
				<name>Poste #62</name>
				<LookAt>
					<longitude>-74.58363558724824</longitude>
					<latitude>6.188748159927332</latitude>
					<altitude>127.6776073551959</altitude>
					<heading>16.0255718603314</heading>
					<tilt>0.2061899120256293</tilt>
					<gx:fovy>35</gx:fovy>
					<range>209.6195760881165</range>
					<altitudeMode>absolute</altitudeMode>
				</LookAt>
				<styleUrl>#__managed_style_3D64B0B6CE3D8303413C</styleUrl>
				<Point>
					<coordinates>-74.58363558724824,6.188748159927332,127.6776073551959</coordinates>
				</Point>
			</Placemark>
			<Placemark id="4F46DE82BD13CF7B98F67">
				<name>Poste #63</name>
				<LookAt>
					<longitude>-74.5836138927645</longitude>
					<latitude>6.188942409066676</latitude>
					<altitude>127.6672077754482</altitude>
					<heading>16.02558325093985</heading>
					<tilt>0.2061890320245134</tilt>
					<gx:fovy>35</gx:fovy>
					<range>182.6972415325872</range>
					<altitudeMode>absolute</altitudeMode>
				</LookAt>
				<styleUrl>#__managed_style_3D64B0B6CE3D8303413C</styleUrl>
				<Point>
					<coordinates>-74.5836138927645,6.188942409066676,127.6672077754482</coordinates>
				</Point>
			</Placemark>
			<Placemark id="50B96E678013CF7B98F67">
				<name>Poste #64</name>
				<LookAt>
					<longitude>-74.58358989748345</longitude>
					<latitude>6.189069654785475</latitude>
					<altitude>127.6929255754728</altitude>
					<heading>16.02559766187552</heading>
					<tilt>0.2061905307731708</tilt>
					<gx:fovy>35</gx:fovy>
					<range>229.6986317222763</range>
					<altitudeMode>absolute</altitudeMode>
				</LookAt>
				<styleUrl>#__managed_style_3D64B0B6CE3D8303413C</styleUrl>
				<Point>
					<coordinates>-74.58358989748345,6.189069654785475,127.6929255754728</coordinates>
				</Point>
			</Placemark>
			<Placemark id="51655205D0B3CF7B98F67">
				<name>Poste #65</name>
				<LookAt>
					<longitude>-74.5834919140264</longitude>
					<latitude>6.189308665894449</latitude>
					<altitude>127.8649774280538</altitude>
					<heading>16.02561040008516</heading>
					<tilt>0.206190845634682</tilt>
					<gx:fovy>35</gx:fovy>
					<range>239.6731579619518</range>
					<altitudeMode>absolute</altitudeMode>
				</LookAt>
				<styleUrl>#__managed_style_3D64B0B6CE3D8303413C</styleUrl>
				<Point>
					<coordinates>-74.5834919140264,6.189308665894449,127.8649774280538</coordinates>
				</Point>
			</Placemark>
			<Placemark id="52336712D6A3CF7B98F67">
				<name>Poste #66</name>
				<LookAt>
					<longitude>-74.58347035012225</longitude>
					<latitude>6.189500197308673</latitude>
					<altitude>127.759328792169</altitude>
					<heading>13.36481681838802</heading>
					<tilt>0</tilt>
					<gx:fovy>35</gx:fovy>
					<range>190.0400440753583</range>
					<altitudeMode>absolute</altitudeMode>
				</LookAt>
				<styleUrl>#__managed_style_3D64B0B6CE3D8303413C</styleUrl>
				<Point>
					<coordinates>-74.58347035012225,6.189500197308673,127.759328792169</coordinates>
				</Point>
			</Placemark>
			<Placemark id="53AA1AADAEF3CF7B98F67">
				<name>Poste #67</name>
				<LookAt>
					<longitude>-74.58348692706112</longitude>
					<latitude>6.189615335119449</latitude>
					<altitude>127.5678812188171</altitude>
					<heading>13.36481729050052</heading>
					<tilt>0</tilt>
					<gx:fovy>35</gx:fovy>
					<range>165.6689258253573</range>
					<altitudeMode>absolute</altitudeMode>
				</LookAt>
				<styleUrl>#__managed_style_3D64B0B6CE3D8303413C</styleUrl>
				<Point>
					<coordinates>-74.58348692706112,6.189615335119449,127.5678812188171</coordinates>
				</Point>
			</Placemark>
			<Placemark id="541E4EFAD653CF7B98F67">
				<name>Poste #68</name>
				<LookAt>
					<longitude>-74.58325149808897</longitude>
					<latitude>6.189558147913281</latitude>
					<altitude>128.158454710636</altitude>
					<heading>81.29459800267938</heading>
					<tilt>3.234714746082723</tilt>
					<gx:fovy>35</gx:fovy>
					<range>298.474681182488</range>
					<altitudeMode>absolute</altitudeMode>
				</LookAt>
				<styleUrl>#__managed_style_3D64B0B6CE3D8303413C</styleUrl>
				<Point>
					<coordinates>-74.58325149808897,6.189558147913281,128.158454710636</coordinates>
				</Point>
			</Placemark>
			<Placemark id="55F9D4BE7343CF7B98F67">
				<name>Poste #69</name>
				<LookAt>
					<longitude>-74.5830598520531</longitude>
					<latitude>6.189518244528107</latitude>
					<altitude>128.5040156210643</altitude>
					<heading>81.29471554524565</heading>
					<tilt>0</tilt>
					<gx:fovy>35</gx:fovy>
					<range>292.709160631348</range>
					<altitudeMode>absolute</altitudeMode>
				</LookAt>
				<styleUrl>#__managed_style_3D64B0B6CE3D8303413C</styleUrl>
				<Point>
					<coordinates>-74.5830598520531,6.189518244528107,128.5040156210643</coordinates>
				</Point>
			</Placemark>
			<Placemark id="56C7110FF393CF7B98F67">
				<name>Poste #70</name>
				<LookAt>
					<longitude>-74.58291267001947</longitude>
					<latitude>6.189552457172066</latitude>
					<altitude>128.7879579852929</altitude>
					<heading>81.29473346076783</heading>
					<tilt>0</tilt>
					<gx:fovy>35</gx:fovy>
					<range>187.4288209650877</range>
					<altitudeMode>absolute</altitudeMode>
				</LookAt>
				<styleUrl>#__managed_style_60458D20B93D8303413C</styleUrl>
				<Point>
					<coordinates>-74.5829229210584,6.189465161232539,128.7879579852929</coordinates>
				</Point>
			</Placemark>
			<Placemark id="5710D59AA833CF7B98F67">
				<name>Poste #71</name>
				<LookAt>
					<longitude>-74.58277747858106</longitude>
					<latitude>6.189793475679854</latitude>
					<altitude>128.9231660276612</altitude>
					<heading>27.22522759563877</heading>
					<tilt>0</tilt>
					<gx:fovy>35</gx:fovy>
					<range>430.0850634414384</range>
					<altitudeMode>absolute</altitudeMode>
				</LookAt>
				<styleUrl>#__managed_style_3D64B0B6CE3D8303413C</styleUrl>
				<Point>
					<coordinates>-74.58277747858106,6.189793475679854,128.9231660276612</coordinates>
				</Point>
			</Placemark>
			<Placemark id="5807F64CD413CF7B98F67">
				<name>Poste #72</name>
				<LookAt>
					<longitude>-74.58273828146362</longitude>
					<latitude>6.190067092299983</latitude>
					<altitude>128.9607684317604</altitude>
					<heading>27.22523182095575</heading>
					<tilt>0</tilt>
					<gx:fovy>35</gx:fovy>
					<range>430.0475157304754</range>
					<altitudeMode>absolute</altitudeMode>
				</LookAt>
				<styleUrl>#__managed_style_3D64B0B6CE3D8303413C</styleUrl>
				<Point>
					<coordinates>-74.58273828146362,6.190067092299983,128.9607684317604</coordinates>
				</Point>
			</Placemark>
			<Placemark id="59BDC21D1C73CF7B98F67">
				<name>Poste #73</name>
				<LookAt>
					<longitude>-74.58274290231917</longitude>
					<latitude>6.19034651648983</latitude>
					<altitude>128.9231919878739</altitude>
					<heading>27.22525551201698</heading>
					<tilt>0</tilt>
					<gx:fovy>35</gx:fovy>
					<range>456.7404615851411</range>
					<altitudeMode>absolute</altitudeMode>
				</LookAt>
				<styleUrl>#__managed_style_3D64B0B6CE3D8303413C</styleUrl>
				<Point>
					<coordinates>-74.58274290231917,6.19034651648983,128.9231919878739</coordinates>
				</Point>
			</Placemark>
			<Placemark id="5A82EA8418B3CF7B98F67">
				<name>Poste #74</name>
				<LookAt>
					<longitude>-74.58267992218664</longitude>
					<latitude>6.190552096113229</latitude>
					<altitude>128.9342456331379</altitude>
					<heading>27.22521849841671</heading>
					<tilt>0</tilt>
					<gx:fovy>35</gx:fovy>
					<range>305.8434658141414</range>
					<altitudeMode>absolute</altitudeMode>
				</LookAt>
				<styleUrl>#__managed_style_3D64B0B6CE3D8303413C</styleUrl>
				<Point>
					<coordinates>-74.58267992218664,6.190552096113229,128.9342456331379</coordinates>
				</Point>
			</Placemark>
			<Placemark id="5B25F4DF7F03CF7B98F67">
				<name>Poste #75</name>
				<LookAt>
					<longitude>-74.58260249441427</longitude>
					<latitude>6.190488233314809</latitude>
					<altitude>128.9291933337988</altitude>
					<heading>27.22525502144744</heading>
					<tilt>0</tilt>
					<gx:fovy>35</gx:fovy>
					<range>302.2553184796561</range>
					<altitudeMode>absolute</altitudeMode>
				</LookAt>
				<styleUrl>#__managed_style_3D64B0B6CE3D8303413C</styleUrl>
				<Point>
					<coordinates>-74.58260249441427,6.190488233314809,128.9291933337988</coordinates>
				</Point>
			</Placemark>
			<Placemark id="5CB32CC32DC3CF7B98F67">
				<name>Poste #76</name>
				<LookAt>
					<longitude>-74.58245845304754</longitude>
					<latitude>6.19046512430103</latitude>
					<altitude>128.7754306442063</altitude>
					<heading>33.83993635522105</heading>
					<tilt>0</tilt>
					<gx:fovy>35</gx:fovy>
					<range>206.2802634603577</range>
					<altitudeMode>absolute</altitudeMode>
				</LookAt>
				<styleUrl>#__managed_style_3D64B0B6CE3D8303413C</styleUrl>
				<Point>
					<coordinates>-74.58245845304754,6.19046512430103,128.7754306442063</coordinates>
				</Point>
			</Placemark>
			<Placemark id="5D320BEF4683CF7B98F67">
				<name>Poste #77</name>
				<LookAt>
					<longitude>-74.58222679525468</longitude>
					<latitude>6.190453678368475</latitude>
					<altitude>128.6140661391502</altitude>
					<heading>33.83996469263354</heading>
					<tilt>0</tilt>
					<gx:fovy>35</gx:fovy>
					<range>346.2362966311775</range>
					<altitudeMode>absolute</altitudeMode>
				</LookAt>
				<styleUrl>#__managed_style_3D64B0B6CE3D8303413C</styleUrl>
				<Point>
					<coordinates>-74.58222679525468,6.190453678368475,128.6140661391502</coordinates>
				</Point>
			</Placemark>
			<Placemark id="5ED7FD5F8B23CF7B98F67">
				<name>Poste #78</name>
				<LookAt>
					<longitude>-74.58204952249939</longitude>
					<latitude>6.190451079607412</latitude>
					<altitude>128.5464505334103</altitude>
					<heading>33.83998551873032</heading>
					<tilt>0</tilt>
					<gx:fovy>35</gx:fovy>
					<range>258.1859873193753</range>
					<altitudeMode>absolute</altitudeMode>
				</LookAt>
				<styleUrl>#__managed_style_3D64B0B6CE3D8303413C</styleUrl>
				<Point>
					<coordinates>-74.58204952249939,6.190451079607412,128.5464505334103</coordinates>
				</Point>
			</Placemark>
			<Placemark id="5F9EA78EAD33CF7B98F67">
				<name>Poste #79</name>
				<LookAt>
					<longitude>-74.58170920168462</longitude>
					<latitude>6.190427600649869</latitude>
					<altitude>127.1981156488281</altitude>
					<heading>33.84004670727676</heading>
					<tilt>0</tilt>
					<gx:fovy>35</gx:fovy>
					<range>254.3381813392625</range>
					<altitudeMode>absolute</altitudeMode>
				</LookAt>
				<styleUrl>#__managed_style_3D64B0B6CE3D8303413C</styleUrl>
				<Point>
					<coordinates>-74.5818161727781,6.190419593435012,127.1981156488281</coordinates>
				</Point>
			</Placemark>
			<Placemark id="60CEBF58F943CF7B98F67">
				<name>Poste #80</name>
				<LookAt>
					<longitude>-74.58177712217852</longitude>
					<latitude>6.190211054468873</latitude>
					<altitude>127.7181004942719</altitude>
					<heading>161.6727020293052</heading>
					<tilt>0</tilt>
					<gx:fovy>35</gx:fovy>
					<range>183.2043558177793</range>
					<altitudeMode>absolute</altitudeMode>
				</LookAt>
				<styleUrl>#__managed_style_3D64B0B6CE3D8303413C</styleUrl>
				<Point>
					<coordinates>-74.58177712217852,6.190211054468873,127.7181004942719</coordinates>
				</Point>
			</Placemark>
			<Placemark id="61C278F7C963CF7B98F67">
				<name>Poste #81</name>
				<LookAt>
					<longitude>-74.58168241360323</longitude>
					<latitude>6.189999442936003</latitude>
					<altitude>127.6058623129754</altitude>
					<heading>161.6727121202806</heading>
					<tilt>0</tilt>
					<gx:fovy>35</gx:fovy>
					<range>243.482465949528</range>
					<altitudeMode>absolute</altitudeMode>
				</LookAt>
				<styleUrl>#__managed_style_3D64B0B6CE3D8303413C</styleUrl>
				<Point>
					<coordinates>-74.58168241360323,6.189999442936003,127.6058623129754</coordinates>
				</Point>
			</Placemark>
			<Placemark id="621A86CD6173CF7B98F67">
				<name>Poste #82</name>
				<LookAt>
					<longitude>-74.58171026323002</longitude>
					<latitude>6.189642814851018</latitude>
					<altitude>128.5061133197101</altitude>
					<heading>161.6727106281017</heading>
					<tilt>0</tilt>
					<gx:fovy>35</gx:fovy>
					<range>175.309880055047</range>
					<altitudeMode>absolute</altitudeMode>
				</LookAt>
				<styleUrl>#__managed_style_3D64B0B6CE3D8303413C</styleUrl>
				<Point>
					<coordinates>-74.58171026323002,6.189642814851018,128.5061133197101</coordinates>
				</Point>
			</Placemark>
			<Placemark id="638D9B227C13CF7B98F67">
				<name>Poste #83</name>
				<LookAt>
					<longitude>-74.58171738057142</longitude>
					<latitude>6.189324485555123</latitude>
					<altitude>129.0797264291957</altitude>
					<heading>161.6726985423219</heading>
					<tilt>0</tilt>
					<gx:fovy>35</gx:fovy>
					<range>183.062601620095</range>
					<altitudeMode>absolute</altitudeMode>
				</LookAt>
				<styleUrl>#__managed_style_3D64B0B6CE3D8303413C</styleUrl>
				<Point>
					<coordinates>-74.58171738057142,6.189324485555123,129.0797264291957</coordinates>
				</Point>
			</Placemark>
			<Placemark id="64ED324D5EF3CF7B98F67">
				<name>Poste #84</name>
				<LookAt>
					<longitude>-74.58174976432771</longitude>
					<latitude>6.189020795336272</latitude>
					<altitude>129.4562582370107</altitude>
					<heading>161.6725364117316</heading>
					<tilt>0</tilt>
					<gx:fovy>35</gx:fovy>
					<range>339.4483889946787</range>
					<altitudeMode>absolute</altitudeMode>
				</LookAt>
				<styleUrl>#__managed_style_3D64B0B6CE3D8303413C</styleUrl>
				<Point>
					<coordinates>-74.58174976432771,6.189020795336272,129.4562582370107</coordinates>
				</Point>
			</Placemark>
			<Placemark id="654434F6C733CF7B98F67">
				<name>Poste #85</name>
				<LookAt>
					<longitude>-74.58179370124071</longitude>
					<latitude>6.188651582376585</latitude>
					<altitude>129.7763889185555</altitude>
					<heading>161.6725280921328</heading>
					<tilt>0</tilt>
					<gx:fovy>35</gx:fovy>
					<range>247.4233068134709</range>
					<altitudeMode>absolute</altitudeMode>
				</LookAt>
				<styleUrl>#__managed_style_3D64B0B6CE3D8303413C</styleUrl>
				<Point>
					<coordinates>-74.58179370124071,6.188651582376585,129.7763889185555</coordinates>
				</Point>
			</Placemark>
			<Placemark id="665C28CF6DF3CF7B98F67">
				<name>Poste #86</name>
				<LookAt>
					<longitude>-74.58182504568855</longitude>
					<latitude>6.188299457773242</latitude>
					<altitude>129.5801364466495</altitude>
					<heading>273.7550344241382</heading>
					<tilt>0</tilt>
					<gx:fovy>35</gx:fovy>
					<range>240.8341702690814</range>
					<altitudeMode>absolute</altitudeMode>
				</LookAt>
				<styleUrl>#__managed_style_3D64B0B6CE3D8303413C</styleUrl>
				<Point>
					<coordinates>-74.58182504568855,6.188299457773242,129.5801364466495</coordinates>
				</Point>
			</Placemark>
			<Placemark id="67DFFB85F683CF7B98F67">
				<name>Poste #87</name>
				<LookAt>
					<longitude>-74.58188638673121</longitude>
					<latitude>6.187975586437907</latitude>
					<altitude>129.5386156136101</altitude>
					<heading>273.7550241845164</heading>
					<tilt>0</tilt>
					<gx:fovy>35</gx:fovy>
					<range>240.8757045271341</range>
					<altitudeMode>absolute</altitudeMode>
				</LookAt>
				<styleUrl>#__managed_style_60458D20B93D8303413C</styleUrl>
				<Point>
					<coordinates>-74.58188638673121,6.187975586437907,129.5386156136101</coordinates>
				</Point>
			</Placemark>
		</Folder>
		<Folder id="0F7A9E24FE3D8248C090">
			<name>Tramo #2</name>
			<styleUrl>#__managed_style_3182D936463D83034136</styleUrl>
			<Placemark id="037794C0643D824A5060">
				<name>Poste #1</name>
				<LookAt>
					<longitude>-74.58483957504846</longitude>
					<latitude>6.186106916004559</latitude>
					<altitude>130.6976535949954</altitude>
					<heading>0</heading>
					<tilt>0</tilt>
					<gx:fovy>35</gx:fovy>
					<range>175.1310185207876</range>
					<altitudeMode>absolute</altitudeMode>
				</LookAt>
				<styleUrl>#__managed_style_3D64B0B6CE3D8303413C</styleUrl>
				<Point>
					<coordinates>-74.5849637874213,6.186132692807482,130.7778627685867</coordinates>
				</Point>
			</Placemark>
			<Placemark id="0D88E073023D824A8A60">
				<name>Poste #2</name>
				<LookAt>
					<longitude>-74.58520790184438</longitude>
					<latitude>6.186175126355915</latitude>
					<altitude>131.0420131265885</altitude>
					<heading>0</heading>
					<tilt>0</tilt>
					<gx:fovy>35</gx:fovy>
					<range>174.7866805158992</range>
					<altitudeMode>absolute</altitudeMode>
				</LookAt>
				<styleUrl>#__managed_style_3D64B0B6CE3D8303413C</styleUrl>
				<Point>
					<coordinates>-74.58521550951733,6.186176771849554,131.0360834142146</coordinates>
				</Point>
			</Placemark>
			<Placemark id="0C875961283D824AAB04">
				<name>Poste #3</name>
				<LookAt>
					<longitude>-74.58554947576759</longitude>
					<latitude>6.186222787613089</latitude>
					<altitude>131.3708976623253</altitude>
					<heading>0</heading>
					<tilt>0</tilt>
					<gx:fovy>35</gx:fovy>
					<range>174.4578019697838</range>
					<altitudeMode>absolute</altitudeMode>
				</LookAt>
				<styleUrl>#__managed_style_3D64B0B6CE3D8303413C</styleUrl>
				<Point>
					<coordinates>-74.58550021027619,6.186201882100795,131.4092979111454</coordinates>
				</Point>
			</Placemark>
			<Placemark id="01EC8D24C83D824ACBF7">
				<name>Poste #4</name>
				<LookAt>
					<longitude>-74.5857848808318</longitude>
					<latitude>6.186313409284568</latitude>
					<altitude>131.1246993693304</altitude>
					<heading>0</heading>
					<tilt>0</tilt>
					<gx:fovy>35</gx:fovy>
					<range>228.5280238890119</range>
					<altitudeMode>absolute</altitudeMode>
				</LookAt>
				<styleUrl>#__managed_style_3D64B0B6CE3D8303413C</styleUrl>
				<Point>
					<coordinates>-74.58579589035017,6.186226627190253,131.3507162203702</coordinates>
				</Point>
			</Placemark>
			<Placemark id="01348DC8A03D824AEEA9">
				<name>Poste #5</name>
				<LookAt>
					<longitude>-74.58601612478853</longitude>
					<latitude>6.186396677169214</latitude>
					<altitude>130.9714934528107</altitude>
					<heading>0</heading>
					<tilt>0</tilt>
					<gx:fovy>35</gx:fovy>
					<range>305.7327232444004</range>
					<altitudeMode>absolute</altitudeMode>
				</LookAt>
				<styleUrl>#__managed_style_3D64B0B6CE3D8303413C</styleUrl>
				<Point>
					<coordinates>-74.58618218715246,6.186172021869854,131.5771818120285</coordinates>
				</Point>
			</Placemark>
			<Placemark id="0E977E26B23D824B14FC">
				<name>Poste #6</name>
				<LookAt>
					<longitude>-74.58660352869232</longitude>
					<latitude>6.186229825463365</latitude>
					<altitude>130.9977727409311</altitude>
					<heading>0</heading>
					<tilt>0</tilt>
					<gx:fovy>35</gx:fovy>
					<range>305.7064630243258</range>
					<altitudeMode>absolute</altitudeMode>
				</LookAt>
				<styleUrl>#__managed_style_3D64B0B6CE3D8303413C</styleUrl>
				<Point>
					<coordinates>-74.58669179148575,6.186084622011159,131.6586806611493</coordinates>
				</Point>
			</Placemark>
			<Placemark id="0D2C54C3303D824B4481">
				<name>Poste #7</name>
				<LookAt>
					<longitude>-74.58660352869232</longitude>
					<latitude>6.186229825463365</latitude>
					<altitude>130.9977727409311</altitude>
					<heading>0</heading>
					<tilt>0</tilt>
					<gx:fovy>35</gx:fovy>
					<range>305.7064630243258</range>
					<altitudeMode>absolute</altitudeMode>
				</LookAt>
				<styleUrl>#__managed_style_3D64B0B6CE3D8303413C</styleUrl>
				<Point>
					<coordinates>-74.58729329411908,6.185941474770473,130.5153157730795</coordinates>
				</Point>
			</Placemark>
		</Folder>
	</Folder>
</Document>
</kml>
